id,city,fold
YjKCSw,ARG,0
AQXHjE,ARG,0
WxYaBW,ARG,0
hznFSU,OMA,0
FwbHua,ARG,0
VDELkQ,JAX,0
UVeRuF,JAX,0
jysnJK,OMA,0
AspHmX,JAX,0
WnjrJX,JAX,0
YJbtve,ATL,0
fVAWDL,ARG,0
bOBoOA,ARG,0
uVZQoS,ARG,0
BFfoEq,JAX,0
LRnFjA,JAX,0
BrPfQp,JAX,0
kCxQjh,ARG,0
iROzJf,ARG,0
gZSOmt,JAX,0
BFyGQK,JAX,0
XiIDcj,ARG,0
mdzQTh,ARG,0
rZZwAg,OMA,0
RZieZo,ARG,0
sJkddD,JAX,0
gOeCSt,ARG,0
luCYdv,ARG,0
fzmVAY,ARG,0
HEZTYZ,OMA,0
GhSwaf,OMA,0
ZhEvfx,OMA,0
wFXcRl,ARG,0
IlKwCP,ARG,0
vDEUkB,ARG,0
uleMde,ATL,0
ReInRY,ARG,0
LMaHmM,ARG,0
ZhUAIr,OMA,0
agPipz,OMA,0
siGijE,ARG,0
BJBZyj,ARG,0
HeBprz,ARG,0
CjYtRg,OMA,0
oFEvWz,OMA,0
esziPr,OMA,0
ziYzen,OMA,0
ZfwYvD,ARG,0
eqMrwc,ARG,0
AWAOjI,ATL,0
yxprvp,OMA,0
gdsYPd,ATL,0
izELxX,OMA,0
rlCbik,ARG,0
OMQtdG,ARG,0
CFpcTQ,ATL,0
eAwwzd,JAX,0
hCpllg,ARG,0
dLhalV,ARG,0
OBsPKj,ARG,0
oYJkqG,OMA,0
bHwjoo,ARG,0
sanTnw,OMA,0
Fmgatr,JAX,0
XAHBnv,OMA,0
rhQYek,OMA,0
ooVVAF,JAX,0
gGNVEn,JAX,0
SmUoPI,OMA,0
jNvtTd,ARG,0
wxPqje,JAX,0
IAoRYa,OMA,0
ApEQKt,ARG,0
DuxYdU,ARG,0
BnVBhc,ARG,0
ZMhlLy,OMA,0
BButdy,ATL,0
GpdRQZ,JAX,0
ibVqqS,ARG,0
ZLMVdk,OMA,0
UkellN,JAX,0
XHiVUl,OMA,0
CBSpfF,ARG,0
BfqqCR,JAX,0
wuXfcr,OMA,0
THcpWf,ATL,0
qGBTMV,OMA,0
WyVLpA,ATL,0
osOxMe,ARG,0
FQyMXZ,JAX,0
GUFrow,OMA,0
LyGnuv,OMA,0
OhYpxf,ARG,0
WwoIRr,JAX,0
XyHmTo,ARG,0
qzvxfk,ATL,0
mrloGs,ARG,0
sJOqeD,ATL,0
vYtVqx,OMA,0
iPpSgc,JAX,0
ZUoWHB,ARG,0
EArSoa,ARG,0
qWbeni,ARG,0
yGUbLQ,OMA,0
FiLGdI,JAX,0
AmVzGg,OMA,0
GfWAsw,ARG,0
LBYJfr,ARG,0
MWDTtI,JAX,0
rRVXFp,ATL,0
UDLYOU,ARG,0
JFPPdZ,JAX,0
hGZaCq,OMA,0
DtfwGk,ATL,0
xdDPEI,OMA,0
FaKSPd,ARG,0
NgbInl,ARG,0
ysEWgU,JAX,0
jpFYHx,ARG,0
EVPNqT,ARG,0
wqpZLL,ARG,0
wGVEdc,OMA,0
cDahmI,ATL,0
OjNbQE,JAX,0
kGTNFZ,OMA,0
KWKCvx,ARG,0
fSatag,JAX,0
ehkkGg,JAX,0
IELmYN,JAX,0
bbxcBP,ARG,0
UmHgUS,JAX,0
prFjSe,JAX,0
nfIKbL,ARG,0
lGqXcj,ARG,0
mMnnBc,JAX,0
bgzqMh,ARG,0
RjsKaP,ATL,0
aoVIQq,ARG,0
mDVQGw,ARG,0
yiWlof,ATL,0
fyAqin,ARG,0
NmxaVH,OMA,0
kmmDvh,JAX,0
tTteLN,OMA,0
BELWcm,ARG,0
TzLFej,JAX,0
OtOXxi,OMA,0
PoWiXb,ATL,0
ZlLLUL,JAX,0
PovtWa,OMA,0
oIXxaz,OMA,0
TtvDfV,OMA,0
YtcxDv,JAX,0
nChcWL,OMA,0
EpxUcg,ATL,0
yIDSzY,ATL,0
kCyRTa,JAX,0
LXsRBf,OMA,0
qbwoeM,ARG,0
ubaBVf,ATL,0
eVsfRF,JAX,0
EywqfD,JAX,0
RRjsbg,ARG,0
sOBYQt,ARG,0
DJzAtP,OMA,0
BYvrgP,OMA,0
GYbqrn,OMA,0
BUWvQd,OMA,0
rYlgZI,ARG,0
bCxxaJ,ARG,0
ggztRA,OMA,0
OqsZfk,ARG,0
XJMufd,OMA,0
LauHTe,ARG,0
JSRhFk,JAX,0
HyWCit,ARG,0
VBJNWB,ATL,0
JUITVB,ARG,0
yDomAG,JAX,0
jaUWWS,ARG,0
MxwwPr,OMA,0
uMfber,ATL,0
LRPoYD,OMA,0
ybBQYb,ARG,0
EpKiOq,ARG,0
GCBthD,ATL,0
mbeLBr,ARG,0
KZlgkN,OMA,0
vmVnfZ,OMA,0
DUTHeV,ARG,0
kFvopo,OMA,0
DWRWPL,ATL,0
sMfYop,OMA,0
bpDYgp,ATL,0
tOasgB,ARG,0
QhUJFs,OMA,0
ZFljrE,ARG,0
dbnNPr,ARG,0
JUGTcG,ARG,0
KnDADd,ARG,0
ISTLIG,OMA,0
HsEjwL,OMA,0
YMcpTN,OMA,0
hfJcky,ATL,0
lCUvzm,OMA,0
XjoMQH,OMA,0
PjEuFS,JAX,0
zIVfQY,ARG,0
WCqobM,OMA,0
rPyGNN,OMA,0
xwcKsP,ATL,0
NZuIfu,JAX,0
esdPGt,ATL,0
ZzTMCL,JAX,0
saSmYL,OMA,0
lfZmcI,OMA,0
YUwVUw,ARG,0
YzPbVY,OMA,0
tYYGjJ,ARG,0
GMDdjq,JAX,0
musPzZ,JAX,0
BrGBXI,ARG,0
dvwuTI,ATL,0
dDolKn,ARG,0
nGAMCP,OMA,0
LzkEVL,JAX,0
LDxBzN,OMA,0
sLnimJ,ARG,0
fwErXy,ARG,0
GCdEqY,OMA,0
fplUwy,ARG,0
fJwRUY,JAX,0
NyhrYF,ATL,0
DLrMfw,OMA,0
VqqsYK,ARG,0
tOplsT,ARG,0
ATEcNt,JAX,0
crzSXF,JAX,0
vQbDMn,ARG,0
mJMbDr,JAX,0
lLSSUn,JAX,0
XlPyZZ,JAX,0
BEJXnb,OMA,0
OSXlpn,ARG,0
EEzLot,JAX,0
bbipVx,OMA,0
lugREO,ATL,0
GksNnT,ARG,0
NbqKuf,ATL,0
bwNCFK,ARG,0
kCppJL,ARG,0
LoRUMx,OMA,0
LebPVJ,JAX,0
foeXXd,ATL,0
TyKluc,ARG,0
pToFoK,ARG,0
MGzTPL,OMA,0
UIbrya,OMA,0
uXCRiy,ATL,0
qzmROL,OMA,0
rfuUdH,JAX,0
pLNkqR,OMA,0
kIMgwi,ARG,0
npbKAZ,OMA,0
MPeMxe,ATL,0
pFCVSv,OMA,0
bPtFqL,OMA,0
tFkqGl,ARG,0
aIyohF,JAX,0
VsgaKL,ATL,0
UmQFET,OMA,0
OBqAIS,ARG,0
eBEwlz,ARG,0
hnMEYr,OMA,0
ADVNHm,ATL,0
nmEOJm,ARG,0
NqIgyJ,ARG,0
DRnFRs,ARG,0
uHKMzV,OMA,0
yEIgMq,ATL,0
hNEemn,JAX,0
OgRtAI,OMA,0
yqrzNd,ARG,0
gBjZol,ARG,0
TZMwYJ,OMA,0
AMBkuU,OMA,0
OZAaaE,JAX,0
XOlDoR,JAX,0
hiPpJL,JAX,0
DDBCaF,OMA,0
GUqMKx,ARG,0
niHGil,OMA,0
UBPQTm,OMA,0
VkTegJ,JAX,0
aBEapo,ARG,0
xukmby,ATL,0
GxftOX,ATL,0
ubgGOy,JAX,0
FsbrMF,JAX,0
FEFQWf,OMA,0
iMWsQS,ARG,0
JbLHGP,ARG,0
quXpbO,OMA,0
VHgmnc,ARG,0
rMIlFa,ATL,0
hfvXJI,JAX,0
bLEfHX,OMA,0
qaVqeS,ARG,0
qBiJXi,JAX,0
YNyvNi,ARG,0
IwFpbs,ATL,0
TIgtTl,JAX,0
VElnKd,OMA,0
wmQFeg,ARG,0
NQgdNa,JAX,0
AmKJxl,OMA,0
sBjHYw,ARG,0
jshTtV,ARG,0
jQjJBD,ARG,0
JETYKN,ARG,0
gVUAyh,JAX,0
WZaAyR,ATL,0
dMydHo,JAX,0
lFSols,ARG,0
dcEcCr,ARG,0
LVIyWE,ARG,0
oQFVih,ARG,0
aEMYIg,OMA,0
xtNZRe,OMA,0
lCjzUy,ARG,0
VZbisy,ARG,0
HJqrIr,ARG,0
xSbnDt,ARG,0
YsYIFK,OMA,0
WVHqfB,ARG,0
vlpKaS,ATL,0
BvvRlS,ARG,0
dPMEdW,OMA,0
aruMoE,ARG,0
AeWCDf,ARG,0
OpquST,ATL,0
ZJoGoP,OMA,0
VbeFlo,ARG,0
tUujCx,ATL,0
VWIHXy,JAX,0
qRhSYC,OMA,0
rpsfbY,ARG,0
VkwtJi,ARG,0
VwmaNg,ARG,0
zHNVTA,ATL,0
grZYmS,ARG,0
SLSsXt,OMA,0
omHcmT,ARG,0
VNmGqI,ARG,0
DpdsUx,OMA,0
ppajYW,OMA,0
yrjVHQ,ARG,0
XxbMKX,ATL,0
RZyDPQ,ATL,0
frrGQf,ARG,0
FSmIfl,ARG,0
ZWEAQq,OMA,0
yuEGTW,OMA,0
cIQQyw,ARG,0
WPdYIw,ARG,0
KVSjTW,JAX,0
BXaJNn,ARG,0
bhrvPm,OMA,0
icFRyA,ARG,0
cnRhZl,OMA,0
QyGlPG,ARG,0
jfeGpm,ARG,0
vzSnhk,ARG,0
rnJOLm,JAX,0
cLRAAH,JAX,0
wZgoFh,ARG,0
IBatNa,ARG,0
AzcQYx,ATL,0
NnfCym,JAX,0
cbFTXY,JAX,0
GFsxtT,OMA,0
PtZxeW,ARG,0
eIvCcY,ARG,0
SiVOHk,OMA,0
wexDJR,ARG,0
HdgzAP,OMA,0
uCFaWj,ARG,0
HYBzoe,ARG,0
dGCKFd,OMA,0
NvLrKH,ARG,0
ZWsVhL,OMA,0
KOZTdR,ARG,0
fBCsvE,JAX,0
ZAzaDK,OMA,0
XCwYRR,OMA,0
qQEUeK,ARG,0
DfeFQb,ATL,0
rcKDcd,OMA,0
EwSpYh,ARG,0
AdblNM,ARG,0
LXhjVI,JAX,0
bkhXtE,ATL,0
GwXmzc,ATL,0
FNiDae,ARG,0
cfJmIq,OMA,0
MOTOdr,OMA,0
OCgzaC,JAX,0
GZaCgC,ARG,0
XNIBXS,OMA,0
kJKjkQ,ARG,0
jIPvvO,OMA,0
LAvQuM,OMA,0
jIMxvS,OMA,0
kmxZhG,ARG,0
IVkBgM,OMA,0
NBPhfJ,OMA,0
YRRLiE,JAX,0
foZPsq,ARG,0
wAYrRx,ARG,0
qRQtja,OMA,0
rUOacC,ARG,0
DgcyQU,JAX,0
kCarEo,ATL,0
zKnVyv,OMA,0
ASGpVk,ARG,0
KyavDh,OMA,0
tZdTTo,ARG,0
eaRuBa,OMA,0
rSwQbH,ARG,0
vTjkyl,ARG,0
AxdIvg,OMA,0
nYGDCy,ARG,0
WGcfrz,ATL,0
ElkHGS,OMA,0
oFTGGP,ARG,0
yqafNL,ARG,0
yWXaJp,ATL,0
DiFdTY,OMA,0
KznZPd,OMA,0
HVMkXZ,OMA,0
gWkwRs,OMA,0
mbtsJe,OMA,0
otBsej,ATL,0
xGbVxn,ARG,0
zgkeCV,JAX,0
cCVJti,OMA,0
VehvOm,ATL,0
EPwDRX,ARG,0
vhRPMM,ARG,0
FPjNXd,ARG,0
dhAIvL,JAX,0
dGqLYn,OMA,0
KSkmdH,ATL,0
kKZQSy,ARG,0
qvrgLB,ARG,0
eZDUuh,OMA,0
ucPYjr,ARG,0
cJqasY,JAX,0
rxQHlD,JAX,0
wYVsht,ARG,0
pFOCCe,ATL,0
eofVEc,ARG,0
KarzgU,ARG,0
ZiqiqY,OMA,0
fmBMfH,OMA,0
VxlQAM,OMA,0
GwcDAO,ARG,0
pBBKcw,ARG,0
cxPgeZ,ARG,0
NnsZLI,OMA,0
NrEecK,ATL,0
OmjkIw,OMA,0
eeUTBH,ARG,0
xbutFN,ATL,0
YrYcoO,ARG,0
YMRYZT,OMA,0
VMsdjf,ATL,0
CloEMk,OMA,0
GoKgJm,OMA,0
sUOaEc,ARG,0
ulIDYd,OMA,0
cSGPTZ,ARG,0
opMLvp,ARG,0
pglqRd,OMA,0
RQHhrv,OMA,0
WiMgvF,OMA,0
AgWbjg,ARG,0
YokzBR,JAX,0
RsKnCp,ARG,0
JlIScN,ARG,0
oarZLg,OMA,0
IdDKGK,JAX,0
dMzcqR,OMA,0
fEkonz,OMA,0
UOVaqZ,ARG,0
jjkXQm,OMA,0
wdCqtZ,ARG,0
zHJxdZ,OMA,0
sBPvwS,ARG,0
lsonvs,ATL,0
lpunCP,ATL,0
fhQeaA,OMA,0
uessHp,JAX,0
STAWpM,JAX,0
dZEIOF,JAX,0
Ifbijl,JAX,0
qCUSyx,ARG,0
EWBuke,OMA,0
zrHDgR,JAX,0
ylMhIs,JAX,0
tjBQeW,OMA,0
eUXsHW,ARG,0
NPqMTm,OMA,0
ZaPxFO,JAX,0
mDwQYD,ARG,0
tzAQwz,OMA,0
qRtuZv,ARG,0
ZEFcih,OMA,0
AHJXSt,ARG,0
heDvVv,ATL,0
iNGiTl,JAX,0
hiRJcq,JAX,0
KwYZkJ,ARG,0
AQDVjT,ARG,0
bUCdsW,OMA,0
VHqPrd,ATL,0
qbCmPf,OMA,0
Rprcwe,OMA,0
mgDvoa,JAX,0
XSCNzl,ARG,0
WLyshh,OMA,0
NLhxsc,OMA,0
LkasyY,OMA,0
GaOgSc,ARG,0
CrCXyu,ARG,0
RAXYEg,ATL,0
YvOCFm,ARG,0
qwSZYS,ARG,0
pvfeul,OMA,0
Ewcucj,OMA,0
RXbPOG,JAX,0
cGlcND,ARG,0
tZFrlg,JAX,0
HsdlQd,ARG,0
YnOTPP,OMA,0
FXbMMT,JAX,0
BEXhtF,JAX,0
yddnPz,OMA,0
aaNiHl,ARG,0
Hxnekp,OMA,0
ejVjDv,JAX,0
ZSQJCb,OMA,0
cWTXZW,ARG,0
NDdsEi,ARG,0
qantNM,ARG,0
yYZwki,ARG,0
YLkkCE,OMA,0
CCufkO,ARG,0
iTcNrt,OMA,0
PwmZhp,ARG,0
dxQhkh,ATL,0
EfKeuD,ATL,0
VAmpAy,OMA,0
ieUQsR,OMA,0
SqrGWF,ARG,0
qxEGEq,JAX,0
cWNQUu,JAX,0
iYNwwd,JAX,0
ciuuAc,OMA,0
jGlCJI,OMA,0
LPodUc,ARG,0
joSdwX,JAX,0
xwENSm,ATL,0
OsyZOz,ARG,0
aVBYTa,ARG,0
avwEuC,ARG,0
rEROvA,JAX,0
odrirL,ARG,0
nUhagz,ARG,0
OKsCRX,ARG,0
QtFbSw,ARG,0
SbjJDF,ARG,0
gvxgpB,ARG,0
jnUajV,JAX,0
EANqoA,OMA,0
ClWJkr,ARG,0
TBkgTl,OMA,0
sRtSXS,ARG,0
wCZVtb,OMA,0
AUkFGw,ARG,0
IXoDFu,JAX,0
WEisfa,ATL,0
siLTDd,JAX,0
RYepOS,JAX,1
gvIlOD,OMA,1
lAOfOu,JAX,1
LegfYN,ATL,1
YKwzfu,ARG,1
ffhIrA,ARG,1
ylwfLo,ATL,1
xNPAMi,ARG,1
EPliqi,JAX,1
ljcMHH,ARG,1
RtLoDp,ARG,1
rCZLvi,ATL,1
uToDzF,JAX,1
uFNZhh,OMA,1
gUStFs,JAX,1
IDMWtc,ARG,1
JUAatS,ATL,1
NsSPRV,OMA,1
SEXEEd,JAX,1
hKYLTC,ARG,1
HGBQZa,JAX,1
HOgeeY,ARG,1
aPHcNR,ARG,1
kklyFu,ARG,1
nHVyoW,ATL,1
lPRInp,OMA,1
XMbhBT,ARG,1
ClsITe,OMA,1
KsdJIJ,OMA,1
FSWgVo,JAX,1
hMNuOz,JAX,1
xQIltv,ARG,1
VNlYdS,ATL,1
EgyyJh,OMA,1
PRhqCB,ARG,1
AdwFDO,ARG,1
xuSXeh,ARG,1
fKLsgU,OMA,1
rWBMQd,ARG,1
FYqDXK,ARG,1
xckqCp,JAX,1
hZYkgf,OMA,1
BHzxFS,ARG,1
FdynXP,ATL,1
UFtHAE,JAX,1
ThPOgF,ARG,1
pLELbK,ARG,1
MiFBjf,JAX,1
nbtbbx,OMA,1
chnkji,ATL,1
NCsmYp,OMA,1
EaOlve,ATL,1
RhDuqz,ARG,1
YmUUQG,ARG,1
dwRyny,ARG,1
bKMomS,JAX,1
hroxcz,ARG,1
HnSOnA,OMA,1
xrqKKE,JAX,1
mvtNMD,OMA,1
eDOSOH,JAX,1
fgGFxG,ARG,1
hCdQaf,ARG,1
oPHAjk,ARG,1
qhtiFY,ATL,1
yRPwVG,OMA,1
pLdzJI,OMA,1
DuLvhS,ARG,1
Juagfb,ARG,1
IpBonW,ATL,1
YbfPBi,ARG,1
TeUAwo,ARG,1
WoddOI,ARG,1
yliTRa,JAX,1
uiUkkJ,ATL,1
RtAtnm,ARG,1
AgsKVc,ATL,1
uitxxL,ATL,1
QWycOW,OMA,1
LvgrAl,ARG,1
fbmiuk,ATL,1
xaUUVI,OMA,1
ucIAqH,JAX,1
FKNRcG,OMA,1
ktovfs,ARG,1
inHyig,JAX,1
zrBRSW,ARG,1
Iewhkl,ATL,1
dQZeRc,ATL,1
UBTsyb,ARG,1
zBfbjJ,JAX,1
czOrpa,ARG,1
JXObWV,OMA,1
nUumgI,OMA,1
zjEqkE,ARG,1
EwFPbO,ARG,1
qoGgMi,ARG,1
xjWGBp,OMA,1
WyERRi,ARG,1
vOjKHH,ATL,1
vFXOlR,JAX,1
HisGPo,ARG,1
HkJrte,ARG,1
npqchu,ARG,1
qCXhIF,OMA,1
HMMPPf,ARG,1
XgZsqB,ARG,1
OHvLFz,OMA,1
kMGbTl,OMA,1
tzuMUN,ARG,1
ZJACWG,JAX,1
CPaMna,ARG,1
YsmmdH,JAX,1
KDUSMn,ARG,1
COOfFS,OMA,1
EiwrUD,JAX,1
WuzKdN,ATL,1
Fevzee,ARG,1
BZTZVj,JAX,1
Ghrosn,ARG,1
AMmCND,JAX,1
PTTLjA,ARG,1
PVarqq,ARG,1
AruMnU,OMA,1
JmIoXr,OMA,1
tNCaYG,OMA,1
DBTVjs,OMA,1
VTiezf,JAX,1
HQpxfr,ARG,1
dPVGWv,JAX,1
bdIwNO,OMA,1
YmssLO,JAX,1
wgsUGG,OMA,1
YQBYPB,ATL,1
cadJCY,ARG,1
dXBdob,ARG,1
lpkpod,JAX,1
ZByPPI,OMA,1
eUVIIA,ARG,1
qwIwno,OMA,1
XrakHO,OMA,1
cxhBLM,JAX,1
EDqYKg,ARG,1
vlyZaH,ATL,1
JZvooX,ARG,1
zBVKnl,OMA,1
WmxiDk,ARG,1
msqSlU,ARG,1
ikVvvy,JAX,1
BJwrbJ,ARG,1
XFyFjn,ATL,1
IEwKJI,ARG,1
SfDXMV,JAX,1
gpQrTN,JAX,1
LMegez,OMA,1
eqXyFs,ATL,1
gBdQXx,OMA,1
aVdyQr,ARG,1
tCufGv,ATL,1
RdpNRd,JAX,1
OsZUeI,ARG,1
RweTiO,OMA,1
tOSpdx,JAX,1
cBOmEX,ARG,1
tAwOXM,ARG,1
OetqOL,OMA,1
rYAUPD,ARG,1
glIZiu,JAX,1
nMnlls,JAX,1
kcVnlz,ARG,1
xlaDEL,JAX,1
WlyMeJ,JAX,1
XxzKNN,ARG,1
OGXYFb,JAX,1
zpkPir,OMA,1
kpFkOR,OMA,1
qtpiBe,ARG,1
fbwnoS,OMA,1
MdtaJf,JAX,1
KITiwo,ARG,1
cTKpbv,ATL,1
krWUQB,ATL,1
OOGTaY,ATL,1
NxDJYB,ARG,1
xWqzls,ATL,1
iCoNSU,OMA,1
UbKvqW,ARG,1
xrIqrn,ARG,1
SpJtJy,JAX,1
ZYyTJY,OMA,1
vUIezQ,OMA,1
Fvegzv,OMA,1
fooWkz,ATL,1
clzurn,OMA,1
btlALC,ARG,1
NDmSfN,ATL,1
VmyxEL,ARG,1
BssDdb,OMA,1
cbYyzA,ARG,1
KbGlCV,OMA,1
ULzani,ARG,1
hDhpew,OMA,1
iupgDi,JAX,1
qcrXVB,OMA,1
pzZXbe,ARG,1
HryYdS,JAX,1
QuHqtB,OMA,1
SHywPv,ARG,1
Ucemtu,ATL,1
SSeAEy,OMA,1
vSoDeT,ARG,1
ITVKPP,ARG,1
WNUYcP,OMA,1
DzUAJG,OMA,1
LOrBlc,ARG,1
RWPCLr,OMA,1
uDaLai,ATL,1
ITvkSo,ATL,1
vEmoLd,ATL,1
UfVRZH,ARG,1
cPTowk,OMA,1
OcnXRY,JAX,1
PRDsZS,ARG,1
IKfygn,OMA,1
gpjgOm,ARG,1
dPfiyf,OMA,1
eEWgLL,ATL,1
gTsmhu,JAX,1
KnCgCb,ARG,1
GsVwEJ,JAX,1
zCJggV,ARG,1
hujWSt,OMA,1
wzEmyU,ARG,1
rrbqMI,JAX,1
WAIddN,JAX,1
EYDKOv,OMA,1
WzoziS,JAX,1
earaXB,JAX,1
QhHoqW,OMA,1
NDeWFD,ARG,1
LsfUxW,OMA,1
SoLQqB,OMA,1
uIhFqY,ARG,1
TeyrUR,ARG,1
XIDujy,ARG,1
XcYrVS,ARG,1
Deyemv,OMA,1
ZHLErb,OMA,1
NXNEGk,JAX,1
pcNThP,OMA,1
prOpaZ,JAX,1
wjMFJI,OMA,1
GhtJfI,OMA,1
xUrWHX,ARG,1
zNajTW,OMA,1
hBmMZm,OMA,1
uIULie,JAX,1
MXIvpm,OMA,1
xowplk,ATL,1
LSYUnW,JAX,1
EuMopj,OMA,1
lsSVrE,JAX,1
rEnAMQ,ARG,1
luAOTJ,JAX,1
zkelWM,ARG,1
arQXho,ATL,1
USnZHx,ARG,1
kUKptu,ARG,1
ARsTTR,OMA,1
kAHohC,JAX,1
cJjZAR,ARG,1
SVNmgC,ARG,1
qheAST,OMA,1
bEBBFt,ARG,1
MZmtio,JAX,1
ombhaf,OMA,1
kUvYKz,JAX,1
vcXJxa,ARG,1
UJYGNT,OMA,1
YcodXJ,ARG,1
OeVPOA,OMA,1
PytHMl,OMA,1
ruIigl,ARG,1
WmLEpQ,ATL,1
pGmogA,ARG,1
sQhBlB,OMA,1
oTASTX,ARG,1
FiRcPV,ARG,1
uukvvx,OMA,1
WUFdSx,OMA,1
Xmfmbq,ARG,1
ibMWSk,ARG,1
QVhsWR,ARG,1
fYlGnH,ARG,1
QOkgtq,ARG,1
hleMgF,ARG,1
UfEyUr,OMA,1
UntXBs,ARG,1
CFHvNc,ARG,1
yBMEiL,ARG,1
jBSAbM,JAX,1
buqcmn,ARG,1
ndvYMp,OMA,1
SkJAlA,ARG,1
qtIOii,OMA,1
UrnWTu,OMA,1
fFFZcl,ARG,1
ctRYzl,OMA,1
XevTDe,ARG,1
ydihmH,ARG,1
ozmidk,OMA,1
PekgqD,ARG,1
KrKcjy,ARG,1
aLgOog,JAX,1
wXYsrR,JAX,1
wxPkyx,OMA,1
ZvedYW,ARG,1
bapbMD,OMA,1
DOtAax,ARG,1
WiMxdO,OMA,1
TnDvuy,ATL,1
siCrAA,JAX,1
IQlQsz,ARG,1
RzMFIo,ARG,1
VKxJOA,OMA,1
VURdTv,JAX,1
CndDLe,JAX,1
cKkjSL,OMA,1
OMWGYi,OMA,1
lgHfyl,OMA,1
nXJBNy,JAX,1
XpRocg,ARG,1
EhrKsA,ARG,1
wyBTTD,ATL,1
RSiGDt,ATL,1
qmxBlV,ARG,1
kubeUU,ARG,1
RaHVDm,ARG,1
cIWtwb,OMA,1
QSGuha,JAX,1
GMtxdi,ARG,1
DwLNDK,OMA,1
icwgru,JAX,1
Ytvtaw,ATL,1
eIZNVh,OMA,1
zZIDpw,JAX,1
BGaCDn,ATL,1
GspYMT,ARG,1
pMTnBc,ARG,1
nzUntA,JAX,1
eEmbXh,OMA,1
SpMHIa,JAX,1
fYWmQb,ATL,1
UKuliW,ARG,1
rcNDrl,OMA,1
LdeiiU,ARG,1
HMjcCB,OMA,1
aGrekm,OMA,1
tTxJId,ARG,1
FfHGky,JAX,1
pPnJHN,OMA,1
aBIkRK,OMA,1
OFBrOQ,ARG,1
eAfKEX,ARG,1
JsbhJH,ARG,1
SpuIRJ,ATL,1
PJpBXu,ARG,1
GAhGaw,JAX,1
QVvZBj,ARG,1
fYrpoX,ARG,1
AiYZWm,OMA,1
hiCzIn,ARG,1
lDCluP,ATL,1
pdZBjF,ARG,1
CSfJGw,ARG,1
pZjmrk,OMA,1
gZJVII,OMA,1
JSSYqC,ARG,1
zysfhD,JAX,1
YZjXcs,OMA,1
mxvwRL,ARG,1
KpcbJU,ARG,1
Zryqed,JAX,1
mcSldI,JAX,1
UOSbjj,ARG,1
fTjaRa,JAX,1
sQpgBr,OMA,1
cpirLU,ARG,1
WaueVH,OMA,1
Uriwnq,ATL,1
qeDhll,ARG,1
vWQVeO,ARG,1
KiMGwr,ARG,1
GhUcpy,OMA,1
WBWpjY,ATL,1
SuHXyW,JAX,1
wCOItc,ARG,1
veTwlO,OMA,1
xhYukc,ARG,1
Wihfuw,ARG,1
YMmxOf,OMA,1
ZEhHCb,OMA,1
AwvXoH,OMA,1
vxiiNn,JAX,1
QBuDWY,OMA,1
wVYJqw,ARG,1
ZabjeH,OMA,1
zPSZLe,OMA,1
SxrqRb,JAX,1
lWheFt,OMA,1
xzUUJU,ARG,1
xnDYkB,ARG,1
ilfuAS,ARG,1
jTirlg,ARG,1
AxKWVa,ARG,1
HTjJaL,OMA,1
MrKCJB,OMA,1
MIwSBi,ARG,1
hbpnoH,ARG,1
VkWyJA,JAX,1
ZvatWP,OMA,1
HKTzAc,ATL,1
grdNyB,ARG,1
WWhRYp,JAX,1
PglNLx,OMA,1
iQZpyk,ATL,1
dIbfFS,JAX,1
XCQBrW,ATL,1
Umegcm,ARG,1
lRxAyo,ARG,1
PsUwTY,ARG,1
biXqGu,ARG,1
UBhcOh,ARG,1
lTqHst,OMA,1
ByjIuB,ARG,1
TyawWc,JAX,1
MTqKEo,ARG,1
OmiyRJ,OMA,1
gVHjcB,ARG,1
vdhUis,ARG,1
qnRFII,JAX,1
vnkiDT,OMA,1
DVpynn,OMA,1
erFshW,ARG,1
zAMDcs,ARG,1
RaZAXX,ARG,1
HdMBCi,ATL,1
jOXofI,OMA,1
GOfqMe,JAX,1
mpBorv,OMA,1
dQOitp,OMA,1
vchHzs,ARG,1
qtuZds,OMA,1
ljZYlx,JAX,1
LoLIrs,ARG,1
SUeBvi,JAX,1
lyOcLH,OMA,1
VgmlkP,ATL,1
GawxgG,JAX,1
GpFbAu,OMA,1
qkPatQ,OMA,1
WngYjB,ARG,1
HeNXUo,OMA,1
GMSMOo,ATL,1
VMUaDM,ARG,1
vaPOYL,ARG,1
EqaBLR,OMA,1
DkZKsx,ARG,1
sREvmY,ARG,1
VveGSh,ATL,1
MBoWAI,OMA,1
osbFaj,JAX,1
BcUiyg,JAX,1
FbKsPF,OMA,1
YzZbJb,JAX,1
nnxmhG,ARG,1
DvRNqb,ARG,1
jhLCBo,JAX,1
vDMeLL,OMA,1
tFrGNP,ARG,1
wIDsew,JAX,1
qqGRtr,ATL,1
ceOEsj,ARG,1
opBltY,ATL,1
IFySPR,ATL,1
MecETi,OMA,1
KTmoCn,ATL,1
wxSFAs,OMA,1
caxMaT,OMA,1
ROPKle,OMA,1
oJFyLQ,OMA,1
YMbsMu,OMA,1
mrkCFZ,ATL,1
DstuwM,ARG,1
glidLs,ATL,1
JGMqRh,OMA,1
qoABVX,ARG,1
uJHWyt,ARG,1
XqCPcv,OMA,1
fYpyMA,ARG,1
jRvjbM,JAX,1
iwuWDG,ARG,1
SacHWU,ARG,1
DsXJPr,JAX,1
AGlIZS,OMA,1
ReuUsT,ATL,1
VRcrFe,ARG,1
RdHYiI,ATL,1
JzNNGe,ARG,1
yPwFnh,ARG,1
fKhfzo,OMA,1
DXHILN,ARG,1
iRTfYN,OMA,1
IZwkdV,JAX,1
HelxqP,JAX,1
WJvMkv,OMA,1
BhSlHK,OMA,1
jQHPKS,OMA,1
PxwOry,ARG,1
LXpPdo,OMA,1
fknvDy,ARG,1
YcZxKR,OMA,1
aSFjya,ARG,1
UdTbTT,ARG,1
kaZhDX,ATL,1
lAXpNL,JAX,1
xejBXJ,JAX,1
Xtbrsj,OMA,1
YqdZxk,ATL,1
ngEREq,JAX,1
FGUMQi,OMA,1
ejvajm,OMA,1
wPiHXG,OMA,1
ZmsASA,ARG,1
dNCpiJ,ATL,1
AKcqKc,OMA,1
juzwqC,ARG,1
iaFCng,OMA,1
ilQlsa,ARG,1
mLBCvl,ATL,1
wPPAjc,OMA,1
VqKUxj,JAX,1
OEKklC,ARG,1
wejtpF,ARG,1
oMWVfe,OMA,1
XHGseQ,JAX,1
DPujdN,ARG,1
RLDcZs,ARG,1
HGOnit,OMA,1
wimznE,ARG,1
gOGqGG,OMA,1
uxpZpb,ARG,1
bnrCXm,ARG,1
dcAxjk,ATL,1
zFxTBC,ARG,1
bhyIiB,OMA,1
ISmREF,ARG,1
EJHIXV,ATL,1
pEZJCW,ARG,1
txizvA,ARG,1
wDmGxd,ATL,1
IzuXir,OMA,1
LlmneL,ARG,1
DKgvrF,OMA,1
OIsGHd,OMA,1
wswMRM,OMA,1
Xertcx,JAX,1
NFHlfP,ARG,1
HhZCTx,OMA,1
NwnaDa,OMA,1
VXEQwm,OMA,1
jNeCQM,ARG,1
pStZZJ,ARG,1
TRunah,ARG,1
ylnwSK,OMA,1
DyrOtN,ARG,1
yjyMEC,ARG,1
BhACiZ,JAX,1
hTlRXl,OMA,1
WfXZXg,OMA,1
ITyGyh,JAX,1
QCyYUH,JAX,1
ZzzVlw,ARG,1
EkPQfj,JAX,1
AetNdy,ARG,1
fxyLmV,OMA,1
Lqurdb,ARG,1
TNnhnT,OMA,1
YWfjWd,ATL,1
dZRoZA,OMA,1
SSQnAP,JAX,1
dKBklB,OMA,1
sKrnTy,ARG,1
edXgKf,JAX,2
iaqTGS,OMA,2
EhOwTm,ARG,2
pvLgNF,ARG,2
mzcgHP,ARG,2
AscjAY,JAX,2
HqIGOD,ARG,2
HbatcZ,ARG,2
Arlrpm,OMA,2
MpVYlr,OMA,2
lplLsq,ATL,2
uEdrSm,JAX,2
RYmVrq,ATL,2
mAkzNK,ATL,2
AwYNHn,ATL,2
OrjQRx,ATL,2
GyLVrV,OMA,2
RHKwgo,ATL,2
nEbfMG,OMA,2
UQwNqd,OMA,2
fwAEiV,ATL,2
WYLThI,OMA,2
ogagRp,OMA,2
zCtyeS,ARG,2
QbnvAr,JAX,2
foDBmK,ARG,2
jXVCsX,JAX,2
aUIiTt,JAX,2
laOOmV,ARG,2
sgkTua,ARG,2
rJOeFZ,ARG,2
drosIe,OMA,2
OwuQlK,ARG,2
HbgszF,OMA,2
PNUaDF,ATL,2
ZjZKZD,ARG,2
qjdZgO,ATL,2
PQjDlS,JAX,2
xBCqen,JAX,2
RVrKDZ,ARG,2
KTIBPj,OMA,2
TGEmXD,OMA,2
qCINje,ARG,2
VZBPSS,ARG,2
vmmCzZ,ATL,2
aPvKck,ATL,2
mvTXUW,OMA,2
tlElqG,ARG,2
qkdzzA,OMA,2
gfNqmZ,ARG,2
tRGxjE,ARG,2
mjIlIW,ARG,2
oYlTfB,ARG,2
XkqReu,OMA,2
UPYztY,ARG,2
vzOpXl,OMA,2
APdmhP,OMA,2
vtzfrU,ATL,2
BLRkLE,ATL,2
okxsia,ATL,2
mKRJuv,ARG,2
xLVQxl,ARG,2
rRYmwP,JAX,2
rdCehZ,ATL,2
rMNVks,OMA,2
CuuGZG,OMA,2
IcfYPx,ARG,2
FLkCEx,ARG,2
pcIUee,OMA,2
nImMvT,OMA,2
BYHJwU,OMA,2
IJPbzh,ARG,2
nNYuWS,OMA,2
fnNmIq,ARG,2
tNywTb,ARG,2
WGulBj,OMA,2
nHuOfY,OMA,2
JcIkwy,OMA,2
sveDDI,OMA,2
fJPNRD,OMA,2
YpjsBf,JAX,2
oIbRNx,ARG,2
qmPFMn,OMA,2
tVTfVV,ATL,2
WTrfUZ,ATL,2
DSeIHP,ARG,2
GfNlaL,ATL,2
iuZXGu,ATL,2
tqSVhC,ARG,2
oNwXet,ARG,2
bdDCeO,ARG,2
cLlVhQ,JAX,2
OBfDex,ARG,2
TcEblh,OMA,2
LeMsIR,OMA,2
MWQTDc,JAX,2
oXbXZi,JAX,2
lvLiky,OMA,2
yBZtWM,OMA,2
NCLDaV,ARG,2
vhjsal,ATL,2
IQHSAk,ATL,2
cEafED,OMA,2
IWeawY,JAX,2
CKKezF,ARG,2
aOdAwC,ARG,2
ezErdp,OMA,2
YYoRqw,ARG,2
LyefUw,OMA,2
CVMdSw,OMA,2
ZioTxb,OMA,2
ZaiEYs,ARG,2
wTLxuC,JAX,2
MDKXPx,ARG,2
DEphTO,OMA,2
CexmWk,ARG,2
CZdkXR,ARG,2
wmUicl,OMA,2
IcZIgv,ARG,2
wzTgUM,OMA,2
eBcEvM,ARG,2
OMayUV,ARG,2
ONOjMb,OMA,2
tsyHSM,ARG,2
WzHefD,JAX,2
EcJczi,OMA,2
VltzdE,JAX,2
bIjhAF,ARG,2
HXevYh,ARG,2
vKayKE,OMA,2
VbtAAU,ATL,2
vRoPoY,ARG,2
ryKeKV,ATL,2
hGTtnd,ARG,2
NBwKBU,JAX,2
dUFldY,ARG,2
vuhEYP,ARG,2
URfrOS,OMA,2
cgEEVH,ARG,2
pCaCgu,JAX,2
ICJtKq,JAX,2
sSoGhI,JAX,2
eqHtfh,ARG,2
DxkHPo,ARG,2
NELOuf,JAX,2
gxwYAr,ARG,2
vDtGvl,OMA,2
Qlxjoq,OMA,2
QIrLEO,JAX,2
kbkDmR,ATL,2
RpsGFo,OMA,2
vXSCyp,OMA,2
NgNFnv,JAX,2
tUrfkZ,OMA,2
WHiNUo,OMA,2
zgnzno,ATL,2
svieDL,OMA,2
sqHfzL,ATL,2
yFtcrZ,OMA,2
lKwipt,OMA,2
wvxraS,ARG,2
sgIFPc,OMA,2
XGLlnk,JAX,2
Brozcc,JAX,2
hxMWoI,JAX,2
wHhwOG,OMA,2
taBnkR,OMA,2
INUDRk,ARG,2
ZmKIJu,ARG,2
iBEugi,JAX,2
HroOFa,JAX,2
ueGnom,JAX,2
dSVLjY,OMA,2
CHNvOj,JAX,2
fbnruf,ATL,2
vCXPSo,JAX,2
OmVcvo,ARG,2
drMBfW,OMA,2
BTbvnx,ARG,2
qdoQsj,JAX,2
WuUSRY,JAX,2
BIoges,OMA,2
oVHreO,OMA,2
ZLFJai,JAX,2
jlJdkG,JAX,2
SFlSnG,ARG,2
WSHheW,OMA,2
PluqjK,OMA,2
bPXKny,ARG,2
YluoKI,OMA,2
ZLrHIJ,OMA,2
YaKbjT,ARG,2
zNqtOa,OMA,2
aOWvLU,ARG,2
hkqQbW,ARG,2
dtdELL,ARG,2
HEvWIT,OMA,2
pBGTfd,ARG,2
CjrkKq,JAX,2
uaYrOY,OMA,2
vbkENh,ATL,2
XiYUQE,OMA,2
EiPXJX,JAX,2
TgtLPH,JAX,2
LTfXRr,OMA,2
FgADif,ARG,2
rlhzlH,ARG,2
HHDydE,ARG,2
qfefQo,ARG,2
ooJcaI,ARG,2
nyoRIm,ARG,2
ykuAKr,OMA,2
dezvgh,ARG,2
kOCdSo,ATL,2
huBecC,ARG,2
CYDhEv,ARG,2
UkGIvR,OMA,2
Blooec,ARG,2
zOvOlG,ARG,2
IDgvCE,OMA,2
NogHdb,ARG,2
mNPBly,ARG,2
SgXqNR,JAX,2
NjBKHV,OMA,2
dTvClw,ATL,2
PAGHPv,OMA,2
RXbfOu,ARG,2
ASNsYP,ARG,2
AWgtnf,ARG,2
WYrqrP,ATL,2
pYAacj,JAX,2
eBIXrH,JAX,2
aTPIpz,ARG,2
HCelBt,OMA,2
lUozfi,ARG,2
URWKne,JAX,2
OBBaJu,JAX,2
Dsdgvv,JAX,2
EPJyFo,ARG,2
ajYeUU,OMA,2
QAXoOQ,ATL,2
lbAuPY,JAX,2
MMZjJB,JAX,2
opZHPf,JAX,2
GJuYCe,JAX,2
lghKsz,OMA,2
eWhoBe,OMA,2
nWcYJw,OMA,2
UNbMLc,OMA,2
sapTcl,JAX,2
YzlnsH,JAX,2
ZRJgky,JAX,2
XfeMKh,ARG,2
DRBJgr,OMA,2
sjPDWm,OMA,2
OccMxE,OMA,2
ZVXOzl,ARG,2
gExjcj,ARG,2
KqBrOt,OMA,2
VhwDcU,ARG,2
yxvftv,ATL,2
TeusMA,JAX,2
hTlNTh,ATL,2
wUqjCE,ARG,2
ABTfzn,OMA,2
BOqQCF,OMA,2
QhhVdQ,OMA,2
dORErT,OMA,2
GESXWV,JAX,2
MWLKfC,ATL,2
BWxDmf,ARG,2
UTrgDf,OMA,2
jbZYlM,ARG,2
pSuzhE,ARG,2
IyqwTb,OMA,2
dWevSc,ARG,2
csuxoK,OMA,2
ZWrqdx,ARG,2
rUpKzt,ARG,2
HGzmIL,ARG,2
lEuobs,JAX,2
hYdiLx,OMA,2
Duceqh,JAX,2
Mhyjhz,ARG,2
ijlAga,ARG,2
rMAkBu,OMA,2
JANCzU,ARG,2
VUAfks,JAX,2
HbKgzx,ARG,2
CdkqNT,ARG,2
wwiKly,OMA,2
cehKJD,ARG,2
mwwEfw,JAX,2
hzHUaI,ARG,2
NaqBEk,ARG,2
TaAtfK,ARG,2
cljQPb,OMA,2
rmNAry,ARG,2
OPhhiq,JAX,2
VEOMWU,OMA,2
ETSbko,ARG,2
gdbCsM,ARG,2
LkzcCs,JAX,2
qnrnZK,ARG,2
AfGRTz,OMA,2
CXrYHm,ARG,2
zNOEnl,ARG,2
tkcMrR,JAX,2
ZwpLAa,ARG,2
zCjkKS,ARG,2
VBycdU,ARG,2
sRMEsO,ARG,2
taEigx,ARG,2
MYAQnt,OMA,2
IcfaQn,ARG,2
aCVjIT,ARG,2
btWIJn,OMA,2
TqDGuP,ARG,2
FjWHpG,ARG,2
hQbiqA,ARG,2
IFLgjN,OMA,2
rrbEzW,ARG,2
nzcxMA,ARG,2
BbPfxL,OMA,2
wbvnaY,JAX,2
JfIbkz,ARG,2
SwJpYJ,ARG,2
RLSofs,ATL,2
sLMrXW,ARG,2
vuSrRG,JAX,2
GfcIPL,ATL,2
roHfQG,OMA,2
VEECiy,JAX,2
lyXlkb,JAX,2
xUxghh,JAX,2
VYsnLv,OMA,2
QFvTpC,OMA,2
njLnhY,ARG,2
zLfjFn,OMA,2
dlmgPh,OMA,2
yXTHCd,JAX,2
yxhPCZ,ARG,2
WtKbWZ,ARG,2
kSljYJ,ARG,2
SRKEff,ARG,2
oyakVA,ARG,2
YdULlV,ARG,2
JAZyRn,JAX,2
yjzrOx,ARG,2
LmACne,ARG,2
SFzqLu,ARG,2
CXQYhj,OMA,2
ovwDvG,ATL,2
gOAItK,OMA,2
jWZngl,ARG,2
yPvosv,ARG,2
gjmtaO,JAX,2
whqPSX,OMA,2
TOVyeC,OMA,2
OOGmhm,OMA,2
KmAvzP,ARG,2
BGHihm,ARG,2
YnhXcf,OMA,2
cwqKCc,ARG,2
ONJmCX,ARG,2
uNBpbK,ATL,2
OjGJoU,ARG,2
oSzgvT,OMA,2
NojmTI,ATL,2
eFftvE,ARG,2
zLyYDE,ARG,2
AQqSWU,ARG,2
LOKyec,ARG,2
ElBVki,ARG,2
jiMijd,OMA,2
OyOeDk,ARG,2
Niyaty,ATL,2
WgRahO,OMA,2
yuRJmM,ARG,2
xPYTCN,ATL,2
WZlMnl,ARG,2
rupsFM,OMA,2
bksVbU,ARG,2
lSWcFA,ARG,2
hvwxnM,OMA,2
IbLcTL,ARG,2
jNYPVU,ARG,2
FDKPzZ,OMA,2
lYMQTL,ARG,2
IcdOUc,ARG,2
iXoIap,JAX,2
fAuyBg,ARG,2
bmSAXF,ARG,2
KVFoGi,JAX,2
XzpeRx,ARG,2
ecCPuz,OMA,2
JcukeD,ATL,2
lPwBRS,JAX,2
oZTTfx,ARG,2
IOIScd,OMA,2
VKwVbu,ATL,2
kVMWYi,OMA,2
NjyTUa,OMA,2
qZJyxQ,JAX,2
NpDbJp,ARG,2
osbZPv,ARG,2
TAApfX,JAX,2
UruSLR,OMA,2
PyGfQV,OMA,2
ZpiuLM,ARG,2
pEdQyc,ARG,2
TWVxCI,ARG,2
EVSfpv,JAX,2
vhOhAa,OMA,2
tPNcwh,ARG,2
iGEgaa,JAX,2
QxnUQx,ARG,2
gjlLuj,OMA,2
IBKwwZ,OMA,2
msqyGa,ARG,2
zrjEbk,ATL,2
potOFg,OMA,2
AXeutV,ARG,2
nfGmkU,ATL,2
wqhiSl,ATL,2
ZPmZHg,ATL,2
mgvViu,ARG,2
NGnkly,ATL,2
siuEuT,ARG,2
jftZSK,JAX,2
Withts,ATL,2
FrgLsi,ARG,2
MQiblT,JAX,2
oSoUBV,ARG,2
oTeAoV,OMA,2
ilNjGl,ARG,2
YRSiMQ,OMA,2
nkqGKP,ATL,2
MAiSWA,JAX,2
kIenmy,ARG,2
LprXZK,OMA,2
NOLXPK,ARG,2
fLAjVK,ARG,2
RmVWmd,ARG,2
tTMpeG,JAX,2
VScLnM,ARG,2
HGqFao,JAX,2
HOJOXT,ATL,2
UCWiEl,OMA,2
DmMbDa,JAX,2
AtTHBl,ARG,2
unVnpz,ARG,2
udllBH,ARG,2
jhHgDD,JAX,2
umeJoL,OMA,2
LLNsnK,OMA,2
nqBSQF,ATL,2
lYyzsF,ARG,2
zGVUbr,OMA,2
yOVndj,OMA,2
oCnVDe,OMA,2
Rwpkbf,ARG,2
GXsvdO,OMA,2
OmEswo,JAX,2
wszguC,OMA,2
ToXiXB,ATL,2
EnNIED,ARG,2
qAjXbp,ARG,2
rwAzkb,JAX,2
SvzHMW,ARG,2
rSEOWu,ATL,2
SOHdrT,ARG,2
wzOJnG,OMA,2
fNEslF,OMA,2
wIOmOT,ARG,2
FKEOMU,ATL,2
OCCmYq,OMA,2
cjiNCa,ARG,2
pSGiKz,ARG,2
MjCWuR,ARG,2
qQKPfe,OMA,2
iExPpq,JAX,2
rSqkWl,ARG,2
qYxJxa,ARG,2
XobYOL,OMA,2
iYqecx,OMA,2
TgbLGy,ARG,2
cFRiQJ,ATL,2
PrWlXN,JAX,2
UXixol,OMA,2
wBYEVL,OMA,2
lzRAkb,JAX,2
HgyWjt,JAX,2
xWufvz,ATL,2
wFtDSj,OMA,2
JPPuTf,ARG,2
evfnPQ,OMA,2
VGdhTk,ATL,2
pCbzrf,JAX,2
IQHqXc,ARG,2
GxaIZt,ARG,2
Xccejw,JAX,2
JKWVWx,JAX,2
fFGMMP,ARG,2
cIQtmA,JAX,2
tquvHH,JAX,2
fxvHZz,ARG,2
HCYxSt,ARG,2
zmaMiX,OMA,2
UDvUUY,ARG,2
GjgoxL,JAX,2
GBSNqy,ARG,2
qGRTvq,ARG,2
eFyhnj,OMA,2
XmUJXE,ATL,2
IfacRo,ARG,2
eitGOd,ARG,2
RsbeQC,OMA,2
XzRlRo,ARG,2
XwcGuo,ARG,2
REgCXU,ARG,2
cnfdri,OMA,2
yZoeVg,OMA,2
gpzXoQ,ARG,2
AbPHVH,JAX,2
PWwhHC,OMA,2
BuCLQf,JAX,2
xTfPYD,JAX,2
ljtLhV,ARG,2
TAaytY,OMA,2
dmwZkv,ATL,2
eBgxlc,ARG,2
QLHMFL,ARG,2
tlvSjM,JAX,2
qlRHNQ,JAX,2
QUUIyv,ATL,2
aszXWw,JAX,2
KNDQpn,ATL,2
Xoxrof,ARG,2
AJMDPW,ARG,2
AZjgzt,OMA,2
SpPkjc,ARG,2
ngHSJp,OMA,2
LogZOy,JAX,2
UtyBYm,ATL,2
szqbZL,OMA,2
LVBWQN,ARG,2
IETwXA,ARG,2
bygbWp,JAX,2
AWGkRJ,OMA,2
iVrqMc,ATL,2
sxUJjz,OMA,2
oZumRQ,JAX,2
jkKXvL,ATL,2
ECCdBr,OMA,2
WEBbCg,ARG,2
lZyidr,OMA,2
LQKkRR,OMA,2
tOghRw,OMA,2
svWWkp,ARG,2
HISQsR,OMA,2
ZBudJd,ARG,2
KDduVJ,OMA,2
fuLYmL,ARG,2
xLvfPp,JAX,2
awztRz,ATL,2
SeMMvN,JAX,2
ltLtVn,JAX,2
geCfuy,ATL,2
RjnQaD,OMA,2
TAPSot,OMA,2
eAfFyY,ARG,2
KhToEa,OMA,2
cxHxrY,OMA,2
xbdqAZ,ARG,2
cOGZzT,JAX,2
jzkEUk,OMA,2
sKgWWs,ATL,2
uRHDvh,JAX,2
fofOci,ATL,2
BkHTym,ATL,2
NINHcv,OMA,2
hDIcYr,JAX,2
YkCfoV,OMA,2
mbaFSM,OMA,2
lKPcnn,OMA,2
fUsBGJ,ARG,2
GYOFWD,ARG,2
CMIkOE,ARG,2
RyvgME,OMA,2
IpVqCD,OMA,2
gYbdXu,ARG,2
zpdZnH,OMA,2
VzgDHs,ARG,3
RILRir,ATL,3
HJiMpc,OMA,3
GZRHFp,ATL,3
YyOSpc,OMA,3
eQuwrz,ARG,3
GkbFyR,ATL,3
sYgKuq,OMA,3
rSKjmK,OMA,3
EGwkdu,ATL,3
HjWvRo,JAX,3
gzrBDT,OMA,3
VKjCxy,OMA,3
bEvpGu,ARG,3
zNlGqr,ATL,3
xdmGvh,ATL,3
KKQTtN,ARG,3
GfLJoa,ARG,3
sYewAU,OMA,3
oFElpC,ARG,3
gIFwQp,ARG,3
hZDTRY,ARG,3
uGoGXh,ARG,3
sdRYMG,JAX,3
iJZaMC,ARG,3
mKDmrS,ARG,3
tmnzsQ,ARG,3
mBZUIv,OMA,3
UENMPC,ARG,3
fzYwbZ,ARG,3
PJDDzp,JAX,3
ctILcm,ATL,3
GzBHio,ARG,3
MkWPfd,JAX,3
DOWdtC,ARG,3
EejEti,OMA,3
iOzRWf,OMA,3
NTaeeX,OMA,3
mGQdJq,OMA,3
UDipJy,ARG,3
xAqnRD,ARG,3
RLfysO,JAX,3
kWegyY,OMA,3
XvXuje,OMA,3
GMPXYD,OMA,3
pIkDrP,OMA,3
NzJPYl,ARG,3
xsqBtK,ARG,3
XOuijB,JAX,3
lHbcrZ,ARG,3
QzFgFf,OMA,3
JvNyOh,ATL,3
YkiPFH,OMA,3
VtyAFg,ATL,3
EhfOTg,JAX,3
AyFXBN,ARG,3
SGdDLs,OMA,3
lPzHnU,OMA,3
WzbjEW,ATL,3
YvPIxn,JAX,3
Qrxkhf,OMA,3
TZwjzS,ARG,3
uUjukN,ATL,3
LOHBtV,ATL,3
IMtwEL,JAX,3
GDekrF,ARG,3
ZHBNxi,ARG,3
BBPkVh,OMA,3
WYXGcS,OMA,3
YHDJAu,OMA,3
xSVThr,ARG,3
jHZqkD,JAX,3
XiMcrj,OMA,3
wMUqpb,ARG,3
dyUNVD,ATL,3
chuQVc,OMA,3
mEEfcM,OMA,3
PCmuoi,ARG,3
LpZAcD,OMA,3
uMgcDP,OMA,3
hASxyL,OMA,3
VlHArM,OMA,3
ThltjJ,OMA,3
ejIgNb,ARG,3
kuzCPi,JAX,3
EhYAmr,OMA,3
bLdfxJ,ARG,3
JeJduX,OMA,3
PEOHyG,JAX,3
zkLIHe,ARG,3
EgxOQg,ARG,3
WvHAhg,JAX,3
kbfqgg,JAX,3
Lzyfqr,OMA,3
EzULui,ARG,3
rFKLee,JAX,3
khSAOJ,ATL,3
Ahhqow,ARG,3
QzjxRg,ARG,3
NNfOVU,OMA,3
IXEbrm,ARG,3
FPnrwd,JAX,3
TAVVjf,ATL,3
mysymi,ATL,3
uWiDoK,ARG,3
sSRoPk,OMA,3
AqfnMS,OMA,3
swvccg,OMA,3
nxrObU,ARG,3
Bhozkf,OMA,3
RpcUFz,OMA,3
TZRSro,ARG,3
mYralm,ARG,3
oSUbGm,ATL,3
ngcfDp,ARG,3
NTIgfp,JAX,3
EdBGsI,OMA,3
tOFKnR,ARG,3
VhQleF,ATL,3
CffTiK,ARG,3
rKxopk,JAX,3
frTZol,OMA,3
WFhPtK,ARG,3
naFzmk,JAX,3
PucbAP,OMA,3
jcTciP,OMA,3
ERIBqJ,JAX,3
cOEeIm,ARG,3
SYOOgA,ARG,3
OQIDKc,ARG,3
FuhKZs,OMA,3
UMlwEq,ARG,3
ZqIzbo,ARG,3
OBJNps,ATL,3
MesTrk,ATL,3
wbpDYW,ARG,3
wXKaMI,OMA,3
RnJFdI,ATL,3
GDMcwx,ARG,3
HEEFRi,ARG,3
bhpRYp,ATL,3
PfiktO,OMA,3
LGWELn,OMA,3
mjcpPg,ATL,3
RBozUM,ATL,3
EaYZNN,ARG,3
IUljQn,OMA,3
yUVZSw,ARG,3
XAXIrN,JAX,3
eWKQBK,OMA,3
RHPtne,JAX,3
iLZjxN,ARG,3
CAorJp,ARG,3
hzVzti,ARG,3
OmuoMb,ARG,3
VVpHuS,OMA,3
vMWvkb,ARG,3
IusdSK,ARG,3
pwOVRl,ARG,3
VKRvXP,ARG,3
fZUSQC,JAX,3
cmRtyR,ARG,3
PwhANf,OMA,3
wNURiz,OMA,3
TlaByF,ATL,3
eTViTx,OMA,3
BGgvsr,ARG,3
usvMka,ARG,3
nBrAQm,JAX,3
CDWouH,OMA,3
ftwAVp,ATL,3
GVPfAM,OMA,3
kTAapv,JAX,3
JDnFzy,JAX,3
PesbuE,OMA,3
DesyBo,OMA,3
nNSVLy,ATL,3
TkURmy,OMA,3
xrrhwc,ARG,3
glGXpz,ARG,3
nJqnAL,OMA,3
IdvSFf,ARG,3
rvuKmq,ARG,3
XPJPfM,OMA,3
PELABH,OMA,3
dPwaDF,ATL,3
sdXgLw,ARG,3
ARAoZq,ARG,3
RktpjV,ARG,3
iOHnCl,OMA,3
nBAJYD,OMA,3
AaWrcc,JAX,3
rDGwMg,OMA,3
SlZIgk,ARG,3
xPilsq,JAX,3
UNVrHA,OMA,3
SgWiNM,OMA,3
mdxUGh,OMA,3
fnbzvB,ARG,3
xHsduV,ARG,3
vbTvBj,ARG,3
poDjqI,ARG,3
lBEwLa,JAX,3
QuuOBo,OMA,3
EdgzLV,OMA,3
FqgSem,ARG,3
RvbstI,ARG,3
MBtBCv,ARG,3
rvrLnT,ARG,3
utlsxo,ARG,3
zMaqVL,ARG,3
kKjMdS,ARG,3
Vajwpo,JAX,3
JhycOl,ARG,3
QxMVXx,JAX,3
GjUgmp,ARG,3
yIpXiy,OMA,3
luYhfL,OMA,3
hzTOjA,OMA,3
mQAUHI,ARG,3
DComLk,OMA,3
zCUWps,ARG,3
UZToJI,ATL,3
gZHfcu,ARG,3
lCbXLy,OMA,3
XDjhGw,ARG,3
LbeDaA,ARG,3
GnKXgU,JAX,3
XnTKQY,ARG,3
MhtNba,JAX,3
RubTLr,JAX,3
cpZVgt,OMA,3
Lphaae,ARG,3
ZSzOtu,ATL,3
tZMGNV,JAX,3
IJMqca,OMA,3
RAaqbZ,ARG,3
RaQkXx,OMA,3
zttVkv,OMA,3
AMEGPp,JAX,3
mJtkpV,OMA,3
QrabAE,OMA,3
BpNHUe,ARG,3
fNABZq,ATL,3
hYXMtZ,OMA,3
dkLtyP,JAX,3
nRrcxc,OMA,3
oDWMbe,OMA,3
GWFDej,ATL,3
xIZAyT,ARG,3
ynbyUz,ATL,3
HNngWH,JAX,3
iVngAk,ARG,3
KGaTcy,ATL,3
fRtlZX,ARG,3
mbDkfK,OMA,3
sLKFkL,ARG,3
frUcdG,ATL,3
OLvgPN,JAX,3
TRrlYs,ARG,3
wqnAaF,ARG,3
AnFxcm,ARG,3
Ddlwlq,ARG,3
frCLmD,ARG,3
DjjeZR,JAX,3
eSDLkX,JAX,3
IzwToq,OMA,3
NdVBMZ,ARG,3
IJLhaO,OMA,3
hDKGsI,ARG,3
hnacNm,OMA,3
hArzan,ARG,3
eZLJVe,ARG,3
xiEebu,OMA,3
KTlLGi,ARG,3
sCGMko,OMA,3
KEgMNP,OMA,3
VgmGxD,OMA,3
SKydfI,JAX,3
lbyCEV,ATL,3
tuCwqw,ARG,3
LBKWAS,OMA,3
BQklcA,ARG,3
LXCEmS,JAX,3
YyKjfa,ARG,3
DnDOwl,ARG,3
bEKFiq,ARG,3
wenVIK,ARG,3
DiirIA,OMA,3
IJuSzR,ARG,3
LzADBW,ARG,3
vzUOIp,JAX,3
ohuNSE,JAX,3
zNHAQc,ARG,3
fHGHym,ARG,3
wWQsew,JAX,3
kVWovD,ATL,3
NwEkTw,OMA,3
HLnxFz,ARG,3
iIjbSx,ARG,3
nlNkUs,ARG,3
KLZcJQ,ARG,3
IDCxxW,ATL,3
EXUBeX,OMA,3
RZUIBE,JAX,3
AwtxxF,OMA,3
mdyNGC,JAX,3
sxDWpy,ARG,3
sucncP,ARG,3
vGbnmI,ATL,3
zNBIkq,ARG,3
ZTXcUG,ARG,3
TtPBrk,JAX,3
UkyHeZ,OMA,3
rRJcGm,ARG,3
alBDWa,ATL,3
MIQXKi,ATL,3
ssZHCL,JAX,3
YrTJFX,ATL,3
AyOraT,ARG,3
TvweKt,JAX,3
rxxgLP,OMA,3
GyUcxE,OMA,3
hgpWiT,JAX,3
oMHhan,JAX,3
mXvoqR,ARG,3
AQuFCt,JAX,3
bpEOcP,OMA,3
gyrLEI,ARG,3
Qjmcms,OMA,3
ZiFCiI,OMA,3
qbRNop,OMA,3
iOavGn,ARG,3
ZsQgPZ,OMA,3
uIZlgg,OMA,3
hFyVnn,ARG,3
nvbDaP,OMA,3
AUrXsR,JAX,3
WxFzek,ARG,3
Ztqdfw,ARG,3
ZkdEPT,ARG,3
hyXcpl,OMA,3
xFWPvB,OMA,3
OOKGYr,OMA,3
zKrbUu,OMA,3
jkOifX,ARG,3
LChgOP,OMA,3
WUrVwn,ARG,3
EIvcac,JAX,3
MLCmOZ,JAX,3
kyUfqf,OMA,3
bHodeo,OMA,3
WopPmz,ARG,3
aKDopb,OMA,3
nNFHPj,ARG,3
eFwwdO,ARG,3
GRfAiR,ARG,3
yVyKzX,ARG,3
TuMxKn,ARG,3
blCuHa,ARG,3
AkBJYI,OMA,3
vWNaSE,ARG,3
OhUFJV,ARG,3
etHvpJ,OMA,3
CPVDcs,JAX,3
RrSlrY,ARG,3
YLjwdf,OMA,3
mPioWB,ATL,3
ojbviK,ARG,3
gwlFbI,JAX,3
mnkPws,OMA,3
LcoBMf,OMA,3
qwIVtG,JAX,3
ymWYlc,ARG,3
TzvXNo,ARG,3
aplmTw,ARG,3
aHCsMu,OMA,3
WuURrS,OMA,3
uLOoPx,ARG,3
JUrWPS,ATL,3
QpEOOa,ATL,3
XYtaIC,OMA,3
AzLTDa,OMA,3
SmjYzE,ARG,3
UrbGEd,ARG,3
eHGGQy,JAX,3
SBkWTA,OMA,3
YfskwY,JAX,3
yOTNdB,ARG,3
DPeHLt,ARG,3
dDGuvR,OMA,3
DDWSYR,ARG,3
lEEnNN,ARG,3
KdoFeq,ARG,3
BAEYpU,ATL,3
GVpyeN,ATL,3
cNxHkX,JAX,3
SDqqFT,JAX,3
xzDEWf,ARG,3
csdXAu,ARG,3
SbadsW,JAX,3
oWuyWQ,ATL,3
MAWOkz,ARG,3
TkNZOl,OMA,3
HJyeuz,JAX,3
UxbDKR,OMA,3
tvZmIo,ARG,3
GVvWDp,ARG,3
QEzypa,OMA,3
XzqFuo,ARG,3
UIWsvA,ARG,3
FWqDQo,OMA,3
xlNzGJ,ARG,3
BDCcDZ,ARG,3
qYCWbK,ARG,3
HPTiuq,ARG,3
mnNIGP,OMA,3
KJirgy,ARG,3
XGTUVy,ARG,3
GCSFdE,ATL,3
IMVXAw,ARG,3
ytZRwG,JAX,3
tgkhqU,JAX,3
okBdfd,JAX,3
sATwUE,JAX,3
KzIQaQ,OMA,3
jBrzMG,JAX,3
HJCZpE,ARG,3
KvafPw,ARG,3
irKeWQ,ATL,3
IinjgC,OMA,3
SOQQiN,JAX,3
ANveCL,ARG,3
yPMlrY,ARG,3
jQPDjT,JAX,3
dSMZgK,JAX,3
STavKS,ARG,3
XjzkyL,ARG,3
DOFMSO,OMA,3
mGaqzw,ARG,3
tLlPsu,ARG,3
GLchSv,ARG,3
rJOCDp,ARG,3
zrZeQu,ARG,3
MWssbr,OMA,3
rArENu,ARG,3
jXOBoQ,JAX,3
RdGqCU,ATL,3
FUuMwb,OMA,3
HcwKdk,OMA,3
XiPhzY,OMA,3
nmPxuw,ARG,3
EMtHts,ARG,3
ZHlGZr,ARG,3
YyZeGF,OMA,3
asnHQg,OMA,3
oPfeup,JAX,3
VOerCV,OMA,3
JdknOL,ATL,3
CevmaT,JAX,3
ZXoRME,JAX,3
RCoJHs,ARG,3
jzBaqV,ATL,3
nYCkVa,OMA,3
xCurPj,ARG,3
aucwYa,ARG,3
knaIpv,ARG,3
JKTnNN,OMA,3
qHBcpO,ATL,3
RwVtAh,JAX,3
kExMXN,OMA,3
bDhHom,ARG,3
rxcqTd,ARG,3
SoFrlJ,JAX,3
wqAsCr,ARG,3
Ecryak,OMA,3
dAiuNs,ARG,3
JWpNea,JAX,3
Byegvp,JAX,3
mrgtBj,JAX,3
IkKxiO,ARG,3
hcOYmF,JAX,3
LnXMVr,ATL,3
YEbvTy,JAX,3
ElxHMH,JAX,3
ZMEBEt,ARG,3
iJTZGw,JAX,3
VxIKOm,OMA,3
sNbSOx,ATL,3
zTjQPr,JAX,3
bAZJzN,OMA,3
elAIHy,OMA,3
YnZVIM,JAX,3
ZBaaRk,ARG,3
MJJJaq,ATL,3
FYEoqR,OMA,3
OoRbsb,OMA,3
HEtVcE,OMA,3
MUtwoN,OMA,3
zgtKZz,ATL,3
wjgWZE,ATL,3
NzooaS,ARG,3
MoOgGw,ATL,3
rdCsbf,ARG,3
jSjVrW,ARG,3
zVFqQH,ARG,3
FaXYxJ,ARG,3
aFvqWS,JAX,3
ZPVvmV,ARG,3
vRShOR,JAX,3
WEeIly,ARG,3
uovmDn,OMA,3
MkGlnO,JAX,3
yrVfxw,OMA,3
qXOFmq,JAX,3
qAEIjb,JAX,3
wYVHZO,ARG,3
BCOqzf,ARG,3
vbIAMy,ATL,3
PCrOIB,ATL,3
ngRteQ,OMA,3
TRVsrB,OMA,3
LpEprj,ATL,3
wqPQaQ,ARG,3
SUyexb,ATL,3
bgopeF,JAX,3
JOKdNN,OMA,3
KXWLAY,ARG,3
pgXVXM,JAX,3
yiOsSV,ARG,3
kWDLrN,OMA,3
zLNQFw,ARG,3
iUhPjq,OMA,3
kVYkiv,ATL,3
CgZEYb,OMA,3
SQXQMx,ARG,3
eJEOqI,ARG,3
KANkNx,OMA,3
QMEwLY,ARG,3
DpXyQf,ARG,3
LSpsgy,ARG,3
aZpKcw,ARG,3
yhUBdq,ARG,3
Jzlsrt,ATL,3
IDcdYE,JAX,3
lGqclL,JAX,3
MsKmIo,OMA,3
VhhStk,ARG,3
jvISHE,ARG,3
ouNQvH,JAX,3
SigxIs,ARG,3
RLpEtL,JAX,3
FzwbOp,OMA,3
cGKRtl,OMA,3
aJSDnl,OMA,3
fUExlq,JAX,3
himNes,ARG,3
AOQlAA,OMA,3
jArpBq,JAX,3
wsvemj,JAX,3
EHCqQk,OMA,3
MuoxOK,ARG,3
gprlnd,OMA,3
FAJOPN,OMA,3
uUaEOk,OMA,3
ouNJHg,ATL,3
VItLeb,OMA,3
JxVJyq,JAX,3
sPIDbd,OMA,3
fjwBrl,JAX,3
Skrfgu,ARG,3
ZZjaNQ,ARG,3
INAanI,OMA,3
ZaJeWw,JAX,3
tYRYGn,ATL,3
hpqPid,JAX,3
vNTKkG,ARG,3
zSdIPh,OMA,3
yDGgSu,OMA,3
HnHkEE,JAX,3
jQdZWu,JAX,3
quRsuR,ARG,3
bpQQKJ,OMA,3
ufiONr,ARG,3
oUFmRS,ATL,3
tNNeLS,ARG,3
EXakMU,OMA,3
ljRKsG,JAX,3
DDHYUd,OMA,3
urSRog,ATL,3
KkprCz,ARG,3
FutQdv,OMA,3
KEVJOi,OMA,4
sXebIc,ARG,4
ElvBKR,JAX,4
kWswwy,JAX,4
BamakC,JAX,4
flHPSJ,ARG,4
wMQMcu,ARG,4
SSZMkR,ARG,4
PkkNeZ,ATL,4
UfGIyj,OMA,4
nThDQN,JAX,4
tWyzeX,ATL,4
lGDACs,ATL,4
jIAAwc,OMA,4
WIrJGL,JAX,4
koNKeW,OMA,4
MSPzoM,ARG,4
FWYwpx,OMA,4
BSFyTI,OMA,4
fulHFx,JAX,4
Lymomx,ARG,4
ofbmUk,ARG,4
pOWqxm,ARG,4
vxgPui,OMA,4
Igpmcm,ARG,4
QjlFmj,OMA,4
YoGLrs,JAX,4
dJVZbN,ARG,4
bZChYr,OMA,4
RCpxpC,OMA,4
BUYZyk,OMA,4
RrNzSn,ATL,4
DFMLiw,OMA,4
bykbRd,OMA,4
jqgDDH,ATL,4
cGtVhE,ARG,4
hvOSax,OMA,4
PWeLbW,ARG,4
XdSfKl,ARG,4
GSjpYU,ATL,4
zgFoBi,JAX,4
JVwPFd,ARG,4
LIXLNR,ARG,4
LDrtfJ,ARG,4
ItvWQN,ARG,4
HjkNVo,ARG,4
bnbvzA,OMA,4
LRXuix,ARG,4
ZNSdRy,JAX,4
pYLYQW,JAX,4
ZdgUjk,ARG,4
ljvpqe,JAX,4
IoeYfS,ARG,4
tgwBvy,JAX,4
gtBXCl,JAX,4
bDHBix,ATL,4
GEvWJt,JAX,4
DvLJNJ,ARG,4
mYuhOJ,ARG,4
fWeubz,OMA,4
YpFcgv,JAX,4
SwIAEm,ARG,4
AMXEER,OMA,4
gmOETb,ATL,4
AJFFBQ,OMA,4
xddtBy,ARG,4
hpiNMK,ARG,4
PVGDVx,ATL,4
EczSTk,ARG,4
psFtZR,ATL,4
bUdIHV,ARG,4
ujgXLj,OMA,4
YXcqxi,OMA,4
iZBsjh,ARG,4
TeTkaA,OMA,4
EOrDVK,ARG,4
keqyhb,ARG,4
XiuWnJ,JAX,4
MijrDx,JAX,4
MXlLfP,JAX,4
APFXDe,ARG,4
LJKICl,OMA,4
jfwQiG,OMA,4
YYNyqS,ARG,4
Hhniwm,JAX,4
wRGJKB,JAX,4
DXDbIe,ARG,4
ksxtCT,ATL,4
WOyzKQ,ARG,4
RvMaKI,ARG,4
LbLoRp,OMA,4
NWcVzN,ARG,4
WxqwXo,ARG,4
HAvXfI,OMA,4
xvIhVl,OMA,4
nqaJug,OMA,4
NqFqTz,ATL,4
BdZLtB,ARG,4
xfESmd,OMA,4
HaGvSB,ATL,4
BUBdOz,ARG,4
OpuVzh,JAX,4
lhQdRF,OMA,4
XDjLhU,ATL,4
iQpise,JAX,4
YvemEj,OMA,4
ydJsfl,ARG,4
tQulqa,JAX,4
fsDaXB,OMA,4
aePLMv,ARG,4
vywEfq,JAX,4
zwJdRC,ARG,4
yZOmgW,OMA,4
rvLAYp,ARG,4
tGVwXW,ATL,4
pRjzHA,OMA,4
oQsPQV,ARG,4
YOJgGA,ATL,4
uoYyIA,ATL,4
dnjjzE,JAX,4
gLlfWo,OMA,4
FFZDSL,ARG,4
SLSxKe,ARG,4
KNHsbP,JAX,4
MSfDrE,OMA,4
tkGTSY,JAX,4
zVCelp,OMA,4
GmtKap,ARG,4
hdlIkI,OMA,4
zrrawi,OMA,4
wjXDTV,ARG,4
aKLLpW,JAX,4
jPBHnq,OMA,4
PudsOG,ARG,4
bbIRQd,JAX,4
LVFvQC,OMA,4
iumpXS,ATL,4
JyjbUn,ATL,4
IZtsrj,ARG,4
ESnsUz,ARG,4
eaNHRd,ARG,4
xKYYAf,ARG,4
QTKfPA,JAX,4
ktfBBK,ATL,4
HpgEvc,OMA,4
cmuiKF,OMA,4
CtGoDD,JAX,4
QwbcWn,ARG,4
UCXfDR,ARG,4
lPLDKR,JAX,4
RyVXIN,ARG,4
fsqBvb,OMA,4
JJHrPd,ATL,4
qFHwgB,ARG,4
ONRpuA,ARG,4
qlMXDl,ARG,4
ZlECzV,OMA,4
Bkhcjv,OMA,4
aIiuRI,ARG,4
LbkwxR,OMA,4
HGGiYn,JAX,4
rCjFIc,OMA,4
gIceUH,OMA,4
JzZOeK,OMA,4
PHiqNW,OMA,4
bfbRIu,OMA,4
ZKNCYc,JAX,4
NWQIQz,OMA,4
umZaQu,ATL,4
MJuiwL,ATL,4
cchBsD,OMA,4
nCKiYn,JAX,4
OJLSKn,OMA,4
sfPNkZ,JAX,4
oonkdN,JAX,4
VzkPgb,ARG,4
qGDTMG,JAX,4
JTxPdE,ARG,4
QZQMma,ARG,4
XylcNG,ARG,4
LQRooV,ATL,4
ZMdSms,JAX,4
YBZjZR,OMA,4
ZZibud,ARG,4
vOuqOC,ARG,4
CngjFZ,ARG,4
BsLYbt,JAX,4
XEtiHq,ATL,4
ruTEed,ARG,4
UBTfAL,JAX,4
WYwHwN,OMA,4
psmgZQ,OMA,4
aDjGKk,ARG,4
GJqdzc,JAX,4
TXUNSv,OMA,4
IwUZii,OMA,4
NokRHX,OMA,4
CdYblq,ARG,4
mizkfv,OMA,4
vTRJRI,ATL,4
vUAfrD,ARG,4
HJPypy,ARG,4
rOwCvG,ARG,4
KwEQIr,ARG,4
HNMSHP,ATL,4
iAGEAj,ARG,4
lkaiRk,ATL,4
yKAtJR,ATL,4
uMkaII,ARG,4
Wkmjbg,OMA,4
VzAsRB,JAX,4
mttwvh,JAX,4
VXHNzO,JAX,4
bXMahY,ARG,4
DlaoDk,OMA,4
JMzoKn,OMA,4
aSCqNm,OMA,4
EijmFh,JAX,4
aJwPzG,ARG,4
EKMSyf,ATL,4
HtNmnY,ARG,4
ENAuuN,OMA,4
DPvrUH,OMA,4
DmiAzy,ARG,4
WnWmHE,OMA,4
EwDQDB,OMA,4
LudzvV,ARG,4
TCmuIz,ARG,4
ixwtVH,ATL,4
oMCycW,ARG,4
gWmles,OMA,4
LSNTAq,OMA,4
yRiROG,OMA,4
hSdnYe,ARG,4
qvohVc,OMA,4
aSDcLK,ARG,4
dxtTfm,JAX,4
mLxIsF,ARG,4
wuwgWr,JAX,4
mzisfz,ARG,4
strGWz,ARG,4
pzvvQH,OMA,4
bVtlge,ARG,4
HFZKxz,ARG,4
epzCgx,ATL,4
SDZDtF,OMA,4
FFEvNa,ATL,4
qpRPfI,ATL,4
HvJxRi,JAX,4
bKoGIt,ARG,4
WodNma,OMA,4
oiuWSs,JAX,4
NzpEVG,ARG,4
IhkxeQ,ARG,4
amrVND,ARG,4
yXccMI,JAX,4
grABDl,ARG,4
VtkyUn,ARG,4
UGmlRZ,OMA,4
Psfkwn,OMA,4
McBrin,ATL,4
ckZkuh,OMA,4
reNndT,JAX,4
usgYHt,ARG,4
gGeiNq,ARG,4
YvWbTL,ATL,4
VHmUEE,ARG,4
bbjGDO,OMA,4
GmXVKV,JAX,4
DQxQDv,OMA,4
evDsPs,ATL,4
KKHalT,OMA,4
LCHLgv,JAX,4
utgeYm,JAX,4
DtPahc,ARG,4
CzeNdK,OMA,4
HjQQlz,ARG,4
ZrxGJb,JAX,4
BcfTdz,OMA,4
kQeDMV,ARG,4
QsNacU,JAX,4
Bzpwen,JAX,4
zimlcV,ARG,4
ktJtkW,ARG,4
HHTPZY,JAX,4
vpAcpI,ARG,4
UtpBoP,OMA,4
IBkRDG,JAX,4
cDjwVY,ARG,4
tDofPh,ARG,4
RNCmzm,OMA,4
yBJNQl,OMA,4
XMJjlV,JAX,4
ozsIIW,ATL,4
janShB,ARG,4
MrtkDI,OMA,4
NFczHZ,ARG,4
IDlujY,JAX,4
FtGAbL,OMA,4
ZajVTi,JAX,4
ZwBsRH,JAX,4
PcXTUM,OMA,4
JfLrkE,ATL,4
CWPLLH,JAX,4
LvYDiP,JAX,4
VyHAHf,ARG,4
ZxCqYr,ARG,4
GNjjal,ARG,4
utRzyW,ARG,4
dGmGTU,JAX,4
rfjfrH,ARG,4
NQVhru,ARG,4
nxxpXV,ARG,4
tiWLUq,ARG,4
PTkaKg,OMA,4
htCcmG,OMA,4
QXIYBv,JAX,4
uLcCCR,OMA,4
euOfbZ,OMA,4
Iogkxo,JAX,4
lkLiFr,ATL,4
qXNDhe,JAX,4
XfrdGk,ARG,4
hYBpJN,JAX,4
ekXzbC,ARG,4
WvrWft,ARG,4
qVsGzd,ARG,4
jCflIQ,ARG,4
JsEWzp,OMA,4
zNtQYJ,ATL,4
LmNtDJ,JAX,4
Ixafnp,OMA,4
VTIIUL,ATL,4
ahwXFf,ARG,4
MVNZxh,ARG,4
ysthfJ,OMA,4
obJWBf,ARG,4
lGLjyM,OMA,4
bTbHJv,ATL,4
MqvrGv,ARG,4
dMiqWD,ATL,4
NJUsLP,OMA,4
rvebBf,ATL,4
PbGBBM,ATL,4
jCFqkY,ARG,4
IOdhia,OMA,4
UdyCQE,JAX,4
SGFXBd,ARG,4
qgFOVD,ATL,4
EqQHJy,ARG,4
LyDjmT,OMA,4
IgevVx,JAX,4
SYuHwx,OMA,4
wfeTbn,JAX,4
TPRVes,ATL,4
RIIeED,OMA,4
UqsBZr,OMA,4
oubIst,OMA,4
uKPfPz,OMA,4
xabKyW,ATL,4
gEcphM,ARG,4
fSRvXN,ARG,4
tjNyfi,ARG,4
mUmmqL,OMA,4
SmjWLW,OMA,4
XJZbbQ,ARG,4
FphyyE,OMA,4
HONgMa,ATL,4
vRODSE,ARG,4
mnrLmG,OMA,4
cKebXi,OMA,4
dYSlIg,JAX,4
nRXxfD,OMA,4
gdAmNm,ARG,4
uZtyMM,OMA,4
kRmipL,JAX,4
jjntEi,OMA,4
prGUhN,ARG,4
PCzFJz,OMA,4
GyVQig,ARG,4
KxSevI,OMA,4
WWexON,JAX,4
iAxDfD,ARG,4
CWWyDO,JAX,4
vETIPo,OMA,4
qdPHgv,ARG,4
RvKWMB,ARG,4
EVPGat,ATL,4
SVidwR,OMA,4
esIiVF,OMA,4
tgVZyV,ARG,4
XyTeqS,JAX,4
EuaBxt,JAX,4
McdTBE,OMA,4
FZtDxD,ARG,4
bQmrMT,OMA,4
iXerIY,OMA,4
eyCuUw,OMA,4
zNWfbj,OMA,4
rfqozC,ARG,4
vpqyFr,ATL,4
DtcQrK,ATL,4
YblnTt,ARG,4
SAnsSB,JAX,4
WcZXWG,ARG,4
Gjjnur,ARG,4
YqpoVD,JAX,4
kCTeGO,ARG,4
VmMmuy,JAX,4
zShQdO,ARG,4
pOkXFE,OMA,4
SWcXca,ARG,4
ldEhBD,ARG,4
mNLhSy,JAX,4
bZdbFb,ARG,4
bqKvul,JAX,4
Ztfgrj,OMA,4
KMbIHW,ARG,4
UWpMzF,ARG,4
KBNgTd,ARG,4
ODwjJw,ARG,4
UQcdty,ARG,4
rGLgHu,ARG,4
EErWRY,OMA,4
rHkogK,JAX,4
odDHfu,ARG,4
DmkjLI,OMA,4
IxVamz,JAX,4
pMrPEO,OMA,4
tWLaVM,OMA,4
IhXexQ,JAX,4
qdDmwG,ARG,4
hjoWAs,ARG,4
OBNiFr,ARG,4
BNkZax,OMA,4
KqYAOY,JAX,4
HLBWad,ARG,4
GgDdTS,OMA,4
LJLYWI,OMA,4
zDeeXQ,OMA,4
krUCVf,ARG,4
BEGWyJ,OMA,4
hcOBNf,ARG,4
xhrqMP,ATL,4
aOSrjd,JAX,4
ZQqJND,ARG,4
cDgHGb,ARG,4
VpzlyF,JAX,4
TJMXbY,JAX,4
zTwaPK,OMA,4
cdyloO,OMA,4
HmNGwP,ARG,4
EKWent,ARG,4
XGDhKT,ATL,4
kPZUDJ,OMA,4
cfndtu,ATL,4
fusrrz,OMA,4
INRmBP,ARG,4
CNPeUl,ARG,4
TxcAUL,ARG,4
gFEfDm,ARG,4
mKYDbR,ARG,4
ZSTeUi,OMA,4
HvpiFA,OMA,4
IGUpNj,ARG,4
bNPTub,ATL,4
XxnhIY,ARG,4
BzbAnc,ATL,4
FFssLV,OMA,4
qWgixK,OMA,4
FIyidf,OMA,4
Rdwtfp,ARG,4
xCxBcN,JAX,4
kIrwJl,OMA,4
edlbtv,ARG,4
YxbgEY,ARG,4
UElYio,ARG,4
CrQNCu,OMA,4
AFWSNR,JAX,4
OIRHZJ,ARG,4
HPftwL,ATL,4
RKbtrj,OMA,4
ctRtff,OMA,4
MLIcaY,ARG,4
XGFyuV,ARG,4
QVmXHu,OMA,4
fYcxwT,ATL,4
ZPRReu,OMA,4
IySEkr,ARG,4
Lhzptp,JAX,4
GqIpNu,ARG,4
LjZXKW,JAX,4
FufTto,ARG,4
vnMSon,ATL,4
DwDLqY,OMA,4
JZTiEQ,ARG,4
HgIPen,OMA,4
SfufUW,ARG,4
TWUVVN,JAX,4
NwVIOQ,ARG,4
OoHBfH,OMA,4
JbnxVM,ARG,4
rOcrME,ARG,4
RgOnTV,ATL,4
WoztRl,OMA,4
llzXoi,ATL,4
IUZDcw,ARG,4
qXVYjP,ARG,4
yHQhtP,ATL,4
IwbmQF,OMA,4
pFiGLD,JAX,4
WVOpQY,OMA,4
uIKtXp,ARG,4
fHqaKk,ARG,4
sEOcYE,OMA,4
gVuVVn,OMA,4
BcrMsA,ARG,4
oZQTuH,ARG,4
AtAEeT,ARG,4
aqQXbI,ARG,4
vnQdkG,ARG,4
jTUKoo,JAX,4
DgHgPD,OMA,4
brKvZY,ARG,4
Vykjcs,ARG,4
scFaQZ,JAX,4
mOgmFL,ARG,4
RmeSil,ARG,4
StHKxg,OMA,4
SVJGjc,JAX,4
sVfkCR,ARG,4
LSOvvl,ARG,4
haBsiQ,ARG,4
mAKzyd,JAX,4
UTEjYi,ATL,4
jTuhQU,OMA,4
oGDmGD,OMA,4
BxgDaD,OMA,4
AeoMTk,OMA,4
eomYAo,ARG,4
EDXBve,OMA,4
TZJADd,JAX,4
OmShkj,OMA,4
UVGveN,ARG,4
zGjyrB,ARG,4
rlZOjz,JAX,4
aoYvYy,ATL,4
pERhOJ,ARG,4
KydNTp,OMA,4
ACEwvY,JAX,4
XzxQnJ,OMA,4
uGUmhj,JAX,4
VFHZJc,JAX,4
ervJxW,ARG,4
JqmsMK,JAX,4
qQfDfB,ARG,4
YhpeXo,ATL,4
hSQtIM,ARG,4
QgmfGV,ARG,4
SdwEtU,ARG,4
GqAhZd,ARG,4
mAEvCA,OMA,4
UUtHKk,OMA,4
wVAQic,ARG,4
eFZWxn,ARG,4
ESzAEZ,ATL,4
ZCPFBI,ARG,4
manncx,OMA,4
UDZkhc,OMA,4
rxeqpq,ARG,4
pIdgtf,ARG,4
qwBbuM,ARG,4
bknBrr,OMA,4
rIJwod,ATL,4
EZCUPu,ARG,4
boKEuL,JAX,4
TltNSW,ARG,4
ZkQEer,ARG,4
CePkML,ARG,4
aBpPVS,ARG,4
HiWgzt,ARG,4
NlmzQa,ATL,4
rCeAbx,OMA,4
ENcgUF,OMA,4
sQtHzv,OMA,4
UHftaO,ARG,4
UeEsoN,ARG,4
oBeOZO,ARG,4
ipFcCE,OMA,4
Iwrzfq,OMA,4
jbIQnF,ARG,4
HoNLnc,OMA,4
ReUaLH,ATL,5
OzxcJF,JAX,5
CXWnXM,ARG,5
HIAEfh,ARG,5
AcEBDi,JAX,5
qxeoaE,OMA,5
vdDlHe,OMA,5
pnjJyd,OMA,5
tqblzW,OMA,5
tvFDtn,OMA,5
ymcohb,ARG,5
uFlcLL,JAX,5
SRUmRC,OMA,5
UetiUz,ARG,5
AkeYDr,ARG,5
SkVgaY,JAX,5
EEFoSd,JAX,5
sKBBSm,ARG,5
tyKQkM,JAX,5
wWJMeE,OMA,5
JVAuMq,ARG,5
XleXkk,OMA,5
DHAMlZ,JAX,5
ghwazO,ARG,5
XOjHij,ATL,5
BoHgcy,ARG,5
NkCkli,OMA,5
FmRLYC,ATL,5
KUNTRw,ATL,5
nrNOzU,OMA,5
DXNjty,ARG,5
quTgUj,OMA,5
FPWppM,ARG,5
sEMjwT,ARG,5
AaIdzb,ATL,5
UBStYK,JAX,5
aSIWls,OMA,5
KemGQa,OMA,5
uiSDPa,ARG,5
golMWj,OMA,5
WvaDIL,ATL,5
pXFENR,OMA,5
DEcKqP,JAX,5
WlmqLv,ARG,5
WranFq,JAX,5
ujGNxm,ATL,5
PJdHzO,OMA,5
pkJAKF,ARG,5
ypjoEA,ARG,5
tVMcKw,ARG,5
bNUYwq,JAX,5
HwKoCl,ARG,5
TBxSNx,ARG,5
YVdqcT,JAX,5
yzLLRV,ATL,5
ZAfRWP,ARG,5
ecxdct,ARG,5
WSCnlS,ARG,5
DJZvjH,JAX,5
YjUsmy,OMA,5
MvqOUl,JAX,5
tKFlUA,OMA,5
urnqsY,JAX,5
XJWnjG,ARG,5
WTvmpK,ARG,5
KLnoUm,OMA,5
JqaKwJ,ARG,5
qYkUSQ,JAX,5
jXUWfG,JAX,5
iUEiiG,ARG,5
gDIhIW,OMA,5
mGTdLI,ARG,5
zOcNbh,JAX,5
SdTWax,ARG,5
bACwnM,ARG,5
rUKZZS,ARG,5
PMhssu,JAX,5
MlZhNU,ARG,5
wotpOH,OMA,5
rLBFYJ,OMA,5
mqjuOB,OMA,5
SVQAnZ,ARG,5
RkVbAo,JAX,5
NOWXGg,ATL,5
xKmZPn,ARG,5
AKhGXS,OMA,5
sKvaGA,OMA,5
OZXWZe,ARG,5
EwaXMA,ATL,5
pOpeXk,ARG,5
BVtXUp,ARG,5
BhCbbI,ARG,5
oXlHqQ,OMA,5
ULsigt,JAX,5
AfJTGJ,OMA,5
khTTHA,OMA,5
UxBLuR,JAX,5
Ajdggk,JAX,5
OlXcKI,ARG,5
fSbNdE,ARG,5
MSraZg,ARG,5
wAkhZx,ARG,5
GpFpCG,OMA,5
ArnQGH,ARG,5
PaLXRm,OMA,5
pThBdm,OMA,5
HTLfLJ,OMA,5
hFRlJL,ARG,5
Crdfnf,ATL,5
umScnF,OMA,5
ZwdoJn,OMA,5
ZkaLpY,OMA,5
aUOmGo,ARG,5
qFkaoQ,OMA,5
ryfuqA,ARG,5
rrBSxF,ARG,5
BWpXAD,ARG,5
bEAFUx,OMA,5
gzAuPB,JAX,5
jwvYZV,ARG,5
gVrHvJ,JAX,5
ljRFza,ARG,5
LwmAjx,JAX,5
caekpZ,JAX,5
rHBguK,ARG,5
GhZUAn,ARG,5
uZJfWu,ARG,5
TGaOGE,OMA,5
efzZyF,OMA,5
SZJnLD,OMA,5
lISGuP,ARG,5
qyBmwI,ARG,5
mTrfdL,ARG,5
iQNTwD,ARG,5
YEDeGO,OMA,5
oxFZFg,ARG,5
AHQjtV,ARG,5
QSQjwJ,ATL,5
bCjKaE,ARG,5
QuRvyU,JAX,5
bfZSDk,ARG,5
FKouET,ARG,5
hStWrl,ARG,5
LZpWRk,ARG,5
NtCgAo,ATL,5
StOJof,JAX,5
ZkiMzp,ATL,5
toHoCK,ARG,5
xxbDoI,ATL,5
QELqMb,ARG,5
zIKjtW,ARG,5
ccHbMK,OMA,5
QdDqVw,ARG,5
VhfeCm,ARG,5
YsbrMK,ARG,5
LUdUff,ATL,5
vOKkRr,ARG,5
YMdCEg,ARG,5
ezCvFL,ARG,5
bpUpTU,OMA,5
otzhEI,OMA,5
JcEdYM,ARG,5
OxPBvb,ARG,5
UriaiX,ARG,5
uKSkeU,OMA,5
oiBmQQ,JAX,5
TyqmJZ,ARG,5
agHoOI,ARG,5
WQMLHz,OMA,5
RxTEeG,ARG,5
DZgBJL,JAX,5
KrfRAj,ARG,5
HGWYOK,ARG,5
IeQJrI,ARG,5
uLaVlt,ARG,5
DupBYF,ARG,5
pAgHYx,ATL,5
xjUeHm,ARG,5
QwMqrD,ARG,5
JjQEsz,ARG,5
vRURkv,JAX,5
ZQqLwU,ARG,5
rJaQQb,JAX,5
awrnwo,ARG,5
hYVJpK,ARG,5
NqwPkK,OMA,5
CZWEMG,ARG,5
mOeTen,ARG,5
OJMahI,ARG,5
CmkvCW,ATL,5
krApYh,ARG,5
ZTnVpq,OMA,5
awJPJv,OMA,5
HmCIcb,OMA,5
XtNgBb,OMA,5
rUtCpU,ARG,5
uQFhGw,ARG,5
vbwtLK,ATL,5
Jlyrzi,ATL,5
ZhWpwi,JAX,5
UHokpC,ATL,5
MbZwzw,OMA,5
tueesl,JAX,5
jnYJKJ,OMA,5
HpDdat,ARG,5
VJbsoD,JAX,5
sWqNTV,OMA,5
yMFyZy,ARG,5
YjMokk,OMA,5
NOlSsS,ARG,5
LygxxS,JAX,5
LGTFub,OMA,5
dLuYEV,ARG,5
oWSJUm,ARG,5
nUfAZx,ATL,5
XaVJSk,OMA,5
ZMRsBu,ARG,5
lqrOtD,OMA,5
SVgTBY,JAX,5
YUetrb,ATL,5
RzgJwQ,OMA,5
hdOkaB,ATL,5
holkpY,OMA,5
wgxIix,ARG,5
OPkzmy,ATL,5
JoQBUP,JAX,5
RZOGmQ,ARG,5
TbQYjk,OMA,5
veWCbW,JAX,5
saWlVA,ARG,5
uSKTTM,ARG,5
EeGnxy,ARG,5
QjifAL,ARG,5
ncLBCC,ARG,5
LdTyYG,ATL,5
EGuBlV,JAX,5
mEQCTK,ARG,5
mEEgvC,JAX,5
GuNwDO,ARG,5
FrDmZy,OMA,5
zuJrFM,ATL,5
yCyfIc,OMA,5
RhVkDz,OMA,5
yXGvna,ARG,5
dYrMgO,ARG,5
saDCfd,ARG,5
ryDAKA,OMA,5
smiSjX,JAX,5
qrkeUy,ATL,5
yFLbBt,JAX,5
MYUIqO,JAX,5
TzKXaZ,ATL,5
FDEOnE,ARG,5
nkauJm,ARG,5
VZBoAx,ARG,5
fSWIwJ,OMA,5
LEDCgk,JAX,5
njosyw,ARG,5
RBycZm,OMA,5
ABJqEg,OMA,5
IJcKEU,ARG,5
zDdKwg,OMA,5
AgrtLs,ATL,5
svpogW,ARG,5
IIMjVT,ARG,5
JRRSQU,OMA,5
CLEIDg,JAX,5
ErhJXF,ARG,5
UIfgTf,OMA,5
spnKUS,JAX,5
bokYXb,ARG,5
yTNtFd,ARG,5
Orojal,OMA,5
OdxTom,ARG,5
VqsCWg,ATL,5
fjJcMS,JAX,5
yCdbga,ARG,5
yhJSMt,JAX,5
dXHPZs,OMA,5
pcJbMi,JAX,5
ASnrLM,JAX,5
CpYfmw,OMA,5
nnIfSE,OMA,5
dYhFLS,ARG,5
orVGio,OMA,5
XOzbBe,ATL,5
cJFNWS,OMA,5
cVFFaf,ARG,5
OiMFtW,OMA,5
vlnVel,OMA,5
xvPVYR,JAX,5
VNaXDx,ARG,5
RUBAhj,ARG,5
MtIYkW,OMA,5
vZxknn,ARG,5
vkvwvN,ARG,5
IDWiqN,ARG,5
aKyFMT,ATL,5
cNbGnS,ATL,5
LrFvix,ATL,5
EPvtGb,ARG,5
rmFKnb,OMA,5
YRohmq,OMA,5
tPTsEc,ATL,5
gsfFTE,JAX,5
DnJAhk,ARG,5
Vzuziv,OMA,5
abHYsw,OMA,5
knhYyP,ATL,5
kSzIKU,ATL,5
oRfoyL,OMA,5
AxwMFW,ARG,5
mawDek,JAX,5
SIIRrE,ARG,5
stLNlR,ARG,5
xEFERQ,OMA,5
KSfgay,ARG,5
rPYpNw,OMA,5
mwqFnh,ARG,5
MpdgJL,ATL,5
hraCtl,ARG,5
wayvMb,ARG,5
ERUtub,OMA,5
XGTGYp,ARG,5
bDmKrj,OMA,5
nuoCXD,ARG,5
QcFALo,ATL,5
RcNsQu,OMA,5
gkNLUN,ATL,5
oVAclQ,ARG,5
wuFYse,JAX,5
iYWlIN,ARG,5
qRhAYR,ATL,5
MeyIDf,ARG,5
QceuVF,OMA,5
mEdWML,OMA,5
nDGEKF,ARG,5
Mnbzbo,ATL,5
TrKewm,ARG,5
thkxbx,ARG,5
AXdoZv,OMA,5
OzbhSA,ARG,5
upsxgG,OMA,5
MHihUo,OMA,5
MOBSuL,JAX,5
HYCIeB,ARG,5
yVZrew,JAX,5
KMasmr,ARG,5
ttsTor,ARG,5
DIQnnt,ARG,5
rWMlOg,ARG,5
eiRLFe,OMA,5
uaxHOm,JAX,5
BWODKj,OMA,5
mTOqsV,JAX,5
PcbBbU,ATL,5
rfnQRD,JAX,5
QXDzgr,ARG,5
YbtEDF,OMA,5
wZstXy,ATL,5
Fnjhvo,JAX,5
EaQxGH,ARG,5
FVJmoX,JAX,5
ripGfz,ARG,5
yhSxoc,ATL,5
WKjOGS,OMA,5
XLibgQ,JAX,5
ZVNAHi,JAX,5
WNzfDx,ARG,5
CDSwCI,ARG,5
BYKyUu,OMA,5
YcHJhw,ARG,5
QbYABN,ATL,5
bqHBpc,JAX,5
AeESXu,OMA,5
UAKMGS,OMA,5
ElwPrI,OMA,5
VAvUbh,OMA,5
iFomDJ,OMA,5
BwyJbL,OMA,5
vHJJZT,ARG,5
hWeupY,ARG,5
JJggCU,OMA,5
CrafBn,JAX,5
mRpFNY,JAX,5
cbzDly,ARG,5
ZJMVcv,JAX,5
zDJoiK,OMA,5
NDOtyg,OMA,5
sTpGDY,ARG,5
pFOZEQ,JAX,5
APzMNZ,OMA,5
yNGJae,JAX,5
fLKqQV,OMA,5
PtEOZN,JAX,5
ZIADGl,ARG,5
BWZvaY,ARG,5
vKawVL,OMA,5
zFwISD,OMA,5
NirLsv,OMA,5
IFCNva,ARG,5
VKuCnR,OMA,5
NPCyQv,ARG,5
obOsaw,OMA,5
TNAgop,ARG,5
BJOhVR,OMA,5
ONhiFK,OMA,5
SiMaLY,ATL,5
QXCyRy,ARG,5
llOcdJ,ATL,5
TaTxSy,OMA,5
RSBypu,ATL,5
NlfLWB,JAX,5
qCShAU,ATL,5
fSlzwX,OMA,5
WpvktX,ATL,5
zAnyNB,ARG,5
ZzMmRD,ATL,5
PwdtJp,ARG,5
ZitTNe,ATL,5
bzmKAv,ATL,5
jpuegv,ATL,5
JRwXdd,OMA,5
QohNEq,OMA,5
bqhuve,ARG,5
QKTQwy,ARG,5
cgYuLy,JAX,5
ududhL,ARG,5
fdHbWT,OMA,5
qiMlMi,ARG,5
pAeSKK,OMA,5
hkPnaq,ARG,5
NXhHRx,JAX,5
kKYPqV,ATL,5
MPuIsv,OMA,5
iREwEv,ARG,5
yLNbAY,ARG,5
oPJFFS,ATL,5
yngUxH,OMA,5
UwQezo,OMA,5
sWqvAK,ARG,5
MDGfFO,ARG,5
vowFkh,OMA,5
MDVxSQ,ARG,5
jPMAid,JAX,5
jYivUF,ARG,5
dqlNss,JAX,5
qmzexV,JAX,5
UOWvyq,OMA,5
fDXxhc,ARG,5
ZJDoLL,OMA,5
PRjwpi,JAX,5
JQczGW,JAX,5
mQKULf,ARG,5
chRcyP,OMA,5
lMZXMx,OMA,5
wCygGA,JAX,5
nguVgd,OMA,5
zsdyMu,OMA,5
sLQXSL,OMA,5
LyJPiv,OMA,5
WJSuHS,ARG,5
vydEOp,OMA,5
pBVOai,OMA,5
pDzLqj,OMA,5
XBPvGx,JAX,5
gKKcHn,ARG,5
krTRNg,JAX,5
tkYiwS,OMA,5
bjXbHt,OMA,5
tpxfqV,ARG,5
qJFKWN,ATL,5
doqhhD,ARG,5
khiKnY,OMA,5
pOdAuM,ARG,5
IBHNTd,OMA,5
UeCMSZ,JAX,5
nUxSIy,ARG,5
hPBvbr,ARG,5
XHwLJm,ARG,5
DlprSW,OMA,5
qTrnil,JAX,5
hBPNSO,OMA,5
kysWhA,OMA,5
FtIoLs,ATL,5
iqEfIy,ARG,5
ArqLlb,ARG,5
oWNbCv,OMA,5
CACxYs,ARG,5
GwwnTY,JAX,5
EfxuFU,OMA,5
LQpDcs,ARG,5
IdfNQx,ARG,5
JMmaih,OMA,5
wviNsr,ARG,5
Yxkgct,OMA,5
XFIwsE,ARG,5
LSfkmP,JAX,5
UyFsng,OMA,5
HlfaiE,JAX,5
dlIPaO,ATL,5
PXXfCT,OMA,5
oVwBdj,ARG,5
WLgSIT,ARG,5
TsIDrt,ATL,5
pxVHhs,OMA,5
FQOhXL,JAX,5
nwmKOW,JAX,5
VosMnf,OMA,5
WfsliL,JAX,5
aCvfXc,OMA,5
eDsTCu,OMA,5
inwTUQ,ARG,5
gYtvhF,JAX,5
pvDDoX,OMA,5
rwBawg,ARG,5
wGduKA,JAX,5
VVVCPp,OMA,5
FtMVjC,ARG,5
vioOmk,JAX,5
iVRDmE,ATL,5
YsuLSe,ATL,5
kxdGvw,JAX,5
MjxDeY,OMA,5
OilGIT,ATL,5
UQxQsF,OMA,5
JnmyrS,ARG,5
XuDjPo,JAX,5
aQBFRy,ARG,5
jnwmUb,JAX,5
vcakFt,OMA,5
MIvYYh,JAX,5
gQBDdW,OMA,5
CHquvz,JAX,5
ZtCSOd,JAX,5
skgoVs,JAX,5
YUBbFo,JAX,5
YEqMlf,ARG,5
nqAXxe,OMA,5
AkQgJV,ATL,5
Sgvxdf,ARG,5
PiuqbS,OMA,5
XUVozP,ARG,5
KWouaf,ARG,5
XKoHMM,OMA,5
nBbquK,JAX,5
MUuWwc,ARG,5
ydeHFY,OMA,5
VMQxdw,ARG,5
PhtSSY,OMA,5
ZoSOXO,OMA,5
QEgDvO,ARG,5
kRtVpv,ARG,5
YuuNaD,ARG,5
XAGtXN,JAX,5
wrkzsN,ARG,5
xxZvjM,ARG,5
EuDvoC,ARG,5
stYqSE,ARG,5
BtKmIu,JAX,5
vJSHYU,ARG,5
TQfsBJ,OMA,5
sLgLPz,ATL,5
gttcoz,ATL,5
hACcvh,ARG,5
sjhWaf,ARG,5
IzkzsJ,ATL,5
SVQUqa,ARG,5
gWNhAj,ARG,5
CZgWJH,ATL,5
XzlHEl,ARG,5
JmeAoj,JAX,5
wCQjAP,ARG,5
vHSuqh,OMA,5
fVdObs,JAX,5
zktNFR,OMA,5
WVKYwd,ARG,5
KTMFWu,OMA,5
kHAwWG,OMA,5
JAXGYG,OMA,5
lfqHAR,JAX,5
qfJtjg,OMA,5
awhxvL,ARG,5
TyTSOK,OMA,5
GTsrGU,OMA,5
kEGUoN,JAX,5
eHjEor,ARG,5
ISqdvz,ARG,5
hvnwKd,OMA,5
hHzpSO,OMA,5
xYPaPY,JAX,5
fDidZk,ARG,5
ChBCKh,ARG,6
XVXAtb,OMA,6
ekSGWh,ARG,6
hCvRGr,ATL,6
EjxnzS,ARG,6
wBVOHv,OMA,6
PNzABH,OMA,6
BgmYdx,OMA,6
kKpgTd,ARG,6
yVlIfx,OMA,6
NfEzyV,JAX,6
EAAKPf,OMA,6
QfjCCZ,JAX,6
Jgksyf,ARG,6
rXipju,ATL,6
NBguRw,ARG,6
NwHixB,OMA,6
Xkhjgy,ARG,6
YhboNa,JAX,6
yuZdfJ,ATL,6
RPYRgH,OMA,6
KptrvX,OMA,6
uXuSFS,OMA,6
zicTRr,ATL,6
kbwMIq,JAX,6
jgmhyG,ARG,6
JHZvyl,ARG,6
apLQAm,OMA,6
CcwRcH,ARG,6
Qwpogp,ARG,6
LQZhfT,JAX,6
FzNOAK,ARG,6
CeXVzy,ARG,6
jVLhfd,OMA,6
YmcGwg,ARG,6
FHUJeH,JAX,6
deiyOL,JAX,6
qTRhUi,OMA,6
TnuyhR,ARG,6
XafuYP,OMA,6
aEphzq,OMA,6
bMdwZo,ARG,6
VdLhyD,ARG,6
HKbvwS,OMA,6
zPpNDc,ARG,6
aOwCJa,ARG,6
OVOxTS,JAX,6
kzZXxF,OMA,6
SdhMmZ,ATL,6
GUJdmm,ARG,6
SWieXq,ARG,6
zmfpiu,JAX,6
iqrJNT,OMA,6
tlnmkn,OMA,6
qBTqMI,ARG,6
EvKvGZ,JAX,6
TqiSKX,ARG,6
hvcgXe,OMA,6
ZyzfTv,ARG,6
YFduwN,OMA,6
Libtsl,OMA,6
jCeGst,ARG,6
COXRJL,ARG,6
lDMepa,OMA,6
pGPBFa,OMA,6
LSIOUD,ARG,6
VVJnjz,OMA,6
QhXQzB,OMA,6
uKiztL,ARG,6
jZFypE,OMA,6
svqbWx,OMA,6
COBiXf,ARG,6
tzijXb,JAX,6
qdDRBJ,ATL,6
inonWO,ATL,6
bHoFDo,ATL,6
YaxkKr,JAX,6
fMDmrS,OMA,6
VQpwET,OMA,6
HDjcih,ARG,6
ntwjvH,ARG,6
IZbpIB,ATL,6
iiGeCK,OMA,6
VKBWTI,JAX,6
qfsnPY,ARG,6
qRPjer,ARG,6
AxqoXd,OMA,6
iHNQZB,OMA,6
eZOXsL,ARG,6
oExiPj,JAX,6
GHgBCP,ATL,6
xYcGfY,ARG,6
PDMuvE,JAX,6
TEsGpq,OMA,6
ZPjsHu,ARG,6
MIYkKW,JAX,6
PFGUls,ARG,6
hVJZUM,ARG,6
gvCxaS,ATL,6
rSBZfY,ARG,6
nAfcGL,JAX,6
KbsCgt,OMA,6
vaKjoV,JAX,6
JSuVtj,JAX,6
CnoRMs,ARG,6
yWqrxY,JAX,6
PBcHgZ,OMA,6
rxtshv,ARG,6
EroIaE,OMA,6
iNHdbd,ARG,6
fCrvrr,OMA,6
hZoeXw,OMA,6
GNbVdI,OMA,6
rNAtFd,ARG,6
jdHxZf,OMA,6
KwmBgG,ARG,6
BoUwUU,ARG,6
waVutW,OMA,6
OIvDfq,JAX,6
qsvwpr,ARG,6
pOGsmT,OMA,6
zjIEwl,ARG,6
abuAVs,OMA,6
zkguvM,OMA,6
vFvfNO,ARG,6
bsonND,OMA,6
oBJKbn,ATL,6
NuCPae,JAX,6
eaQoth,ATL,6
sLbJpi,ARG,6
Hysfaz,OMA,6
KCqhaf,ATL,6
penehE,OMA,6
jkMaJR,ARG,6
Kbovix,OMA,6
rhagqA,ARG,6
SbfoBB,ARG,6
YOleMC,OMA,6
snOTcS,OMA,6
uuHZnv,ATL,6
mneUVv,JAX,6
iMTFID,ARG,6
GDfgJw,JAX,6
wltDPQ,JAX,6
IZFftw,ATL,6
IBBmLb,OMA,6
CBRLww,JAX,6
ZGiSDD,ATL,6
NmYfIJ,ARG,6
cxLUPD,ARG,6
wScsGl,JAX,6
SVCUYQ,ARG,6
AlIfQc,OMA,6
pjssqp,OMA,6
OfDrBC,ATL,6
KTUAhT,JAX,6
dAmaIn,ARG,6
LcMAbb,ARG,6
vXgsdh,JAX,6
sivtFc,ARG,6
FASbUG,JAX,6
gsaEFV,OMA,6
YqflWT,ARG,6
EpzlRA,ARG,6
jVAANO,OMA,6
GJrssR,ARG,6
uPciRA,ARG,6
eTbQGc,ARG,6
cjxSCC,ATL,6
wHGuMQ,ARG,6
TaOYsr,ARG,6
UfYPZW,JAX,6
DclyPK,JAX,6
BLtQFM,OMA,6
rRoeeh,ARG,6
EPRZvg,JAX,6
neVpsp,ARG,6
JnFQIl,ARG,6
AXCCUE,ARG,6
IalzQR,ATL,6
SGLQWu,OMA,6
RIqtbs,ARG,6
rFoLSk,ARG,6
yaFqsq,JAX,6
REeorf,ARG,6
SIMFNH,ATL,6
LKKOvP,OMA,6
kWonUF,ATL,6
mMxTKz,ARG,6
NgGYDo,ARG,6
QpdqUH,ARG,6
bwEKnZ,OMA,6
PUTfSd,OMA,6
GpFVmT,ARG,6
kPwtuA,ARG,6
UQstHf,OMA,6
NeeOQj,ATL,6
uxWuGL,OMA,6
eKpqzD,ARG,6
eBxRqU,ATL,6
LVxBag,OMA,6
UztDoW,OMA,6
wcKkkN,OMA,6
wDjNMN,OMA,6
ijPoYV,OMA,6
hNyWnx,ARG,6
FGIEaf,ARG,6
TtYANY,OMA,6
IUjiTu,ATL,6
lNAxuB,OMA,6
lOzgeI,JAX,6
ztYRij,JAX,6
tVRAdz,OMA,6
VBzODI,OMA,6
CVIKch,ATL,6
fLzScM,ARG,6
kXVEnA,ARG,6
gNYFFi,ATL,6
DAxTxa,OMA,6
giBPsJ,ARG,6
WeZPJl,ARG,6
gBBxlH,JAX,6
GnQQeU,JAX,6
MjRFig,ARG,6
BQbblm,JAX,6
QoifxM,ATL,6
HFGmJD,ARG,6
ApUqms,ATL,6
ZNoSxO,OMA,6
dXhPQj,OMA,6
WliyHP,OMA,6
NgWiqW,JAX,6
KVVwfR,JAX,6
fDAYjh,JAX,6
BfzcdW,ATL,6
LVIjwv,ARG,6
YywJqG,JAX,6
kxcaxK,ARG,6
iCemOA,ARG,6
hJgIGd,ATL,6
cXptIu,OMA,6
YPdATd,OMA,6
OEUdOc,ARG,6
uoIdzp,OMA,6
KztdaF,ARG,6
RMYxbb,ARG,6
DxSouc,OMA,6
zakqXz,ARG,6
EEzHYV,ARG,6
QGCuTK,JAX,6
sYUxBD,ATL,6
Bwuvtn,OMA,6
nGEANW,ARG,6
zgncQp,OMA,6
tRJiJA,OMA,6
FsGSJa,ARG,6
GGpFDm,OMA,6
KjGQLl,ARG,6
exHpgT,ARG,6
OVdniV,JAX,6
khDaka,OMA,6
DqwatF,ARG,6
watqSf,ARG,6
yeyNuE,ARG,6
hClbWp,OMA,6
gQuCxu,JAX,6
oKHZZQ,JAX,6
AbCuXo,JAX,6
zeIePT,ARG,6
kncYEy,ARG,6
DPBRUf,ARG,6
NWJRMW,JAX,6
VABZvu,JAX,6
kewYIR,OMA,6
bMLYka,ARG,6
djHCUk,ARG,6
wxxjZk,ARG,6
pHThyd,OMA,6
LHurUO,ARG,6
bZxjXA,JAX,6
FfALKz,OMA,6
tIBtBL,ARG,6
IpNVsb,JAX,6
wFpenc,ARG,6
cJMsOo,OMA,6
OPsHFl,ARG,6
TSyiaA,ARG,6
fQmTrr,ARG,6
TmxRGy,ARG,6
ckTjKD,OMA,6
zzbLYH,JAX,6
XLkXqB,ATL,6
cflXAU,ARG,6
ThWLjd,JAX,6
qacPYA,OMA,6
zexqPe,JAX,6
faHows,ARG,6
iwNhoW,OMA,6
jenFiX,OMA,6
yJgXmO,JAX,6
IBsOlZ,ATL,6
vfqmuv,OMA,6
OgAyPT,ARG,6
TOIjMV,JAX,6
aoamYJ,ARG,6
HfFItm,JAX,6
InGZtl,OMA,6
lJaOqr,ATL,6
iQSqgg,ARG,6
YqFKiB,OMA,6
kigIWX,OMA,6
mzimQc,ARG,6
TTGyMV,ATL,6
YeKkBf,OMA,6
NUFWtS,OMA,6
pIXwpf,OMA,6
YlHGxl,OMA,6
OCokmf,OMA,6
aRLsKN,ARG,6
VAKaZs,OMA,6
aSPPMq,JAX,6
zWSDZs,ARG,6
mfRBZP,ARG,6
LNXYSG,ARG,6
OwqTjO,ARG,6
fRswpf,OMA,6
mzoRKo,OMA,6
rkmWNq,ARG,6
VERTbK,ARG,6
KXFEKL,ARG,6
pYknNM,OMA,6
PwWpon,ATL,6
cufEvS,OMA,6
RuGvOl,ARG,6
yBqZrq,ARG,6
eGYmeb,ARG,6
pVmkxs,ATL,6
AIfxAY,OMA,6
kShZXz,ARG,6
hevVzY,JAX,6
lqmPgW,ARG,6
FJMcaz,JAX,6
nMvuHy,ARG,6
ucSNRe,ARG,6
qItmPd,JAX,6
nrHcSn,ATL,6
cdRZqi,ATL,6
etKrJn,ARG,6
bRjmkz,OMA,6
OczDIn,JAX,6
ahbQnG,ARG,6
tnMojo,OMA,6
YzoBpJ,ARG,6
bMZjnh,JAX,6
ZHqMcY,ARG,6
QcKKWj,OMA,6
fTKWIf,ARG,6
qIgtnC,JAX,6
emOvIU,ARG,6
gldhQP,ATL,6
MpjsgE,ARG,6
CSTHEF,ATL,6
SXRNlw,OMA,6
kjqhGr,JAX,6
cnHlmz,ARG,6
NywyNK,ATL,6
yGtzSP,ARG,6
xlYbsB,OMA,6
HTIGvh,ARG,6
ARMxMG,OMA,6
jPyFoT,OMA,6
RsfeNn,ARG,6
nLhXoO,OMA,6
buuBiT,JAX,6
GxmZXx,ATL,6
fSOlUU,OMA,6
dpjKSp,ARG,6
GyJbHp,ARG,6
yRBAgG,OMA,6
zXXyHV,OMA,6
zSpeBB,OMA,6
OJYmzS,OMA,6
pOfWKP,OMA,6
zbnlzW,ARG,6
yBqBot,JAX,6
vipGwZ,OMA,6
cNlpIw,ATL,6
hngIaH,JAX,6
VgpkFu,ARG,6
SHHYXl,JAX,6
ehfXAY,OMA,6
ZfVciz,ARG,6
DUekQN,ARG,6
EwiltT,ARG,6
SpHwYu,OMA,6
ctvjZu,OMA,6
kbHXnX,OMA,6
aiHTDK,JAX,6
nFSgMh,ARG,6
RMnoim,ARG,6
JddjgD,ARG,6
XWTKFg,JAX,6
hjhrje,OMA,6
qNhgtw,ARG,6
BzSajX,OMA,6
zOfdPp,JAX,6
CGbTiR,OMA,6
CqxdWo,ARG,6
KDiCDq,ARG,6
ecfrer,OMA,6
mHpYzv,OMA,6
EdUqPr,ARG,6
IMuUFv,ARG,6
PAGBCr,ARG,6
QPrewQ,OMA,6
dpyQYY,OMA,6
vjYiGa,JAX,6
WWsbew,ARG,6
ODbkFh,JAX,6
qFPain,JAX,6
XvnpZH,ATL,6
HThJTR,ARG,6
oaErcr,ATL,6
hbbFOB,OMA,6
mPIazs,ARG,6
JPHmHX,OMA,6
ECnfce,OMA,6
wOlUfh,OMA,6
GFUcPg,JAX,6
SPvXJK,ATL,6
xgbadk,ARG,6
jeirgU,JAX,6
HKZZng,JAX,6
xIazpl,JAX,6
QGbfpS,ARG,6
CpiyjA,ARG,6
hcigGJ,JAX,6
LYJKyG,ARG,6
nojZfQ,ARG,6
iLDAXR,ARG,6
wHEBvP,ARG,6
KQfbpZ,ARG,6
hxzBSw,JAX,6
KEUxNq,JAX,6
iJbzfH,ARG,6
fiWHWM,OMA,6
lrdXYL,JAX,6
NafiaL,ARG,6
ykgvWs,JAX,6
VOzSPL,OMA,6
KuwKpz,ATL,6
OQtWXq,ARG,6
rCGPow,ATL,6
FnrWmY,ARG,6
UNJdSq,OMA,6
fOIoJj,ARG,6
OyTfhs,OMA,6
CWgMuo,ARG,6
dwWqgw,ARG,6
MBwypj,ARG,6
bzkJEw,OMA,6
kVfjjD,OMA,6
VAPhBY,JAX,6
QbLJXp,ARG,6
HOBbZq,ATL,6
zOCAUo,ATL,6
tTgVTC,ARG,6
TIOlVs,JAX,6
exoWLl,OMA,6
NOFmmU,ARG,6
GouRTK,OMA,6
rbOhWv,ARG,6
LFJbmB,OMA,6
HlXiti,ARG,6
hcqUTa,OMA,6
XwSiwv,ATL,6
pCmzGS,ARG,6
EnYIZz,ARG,6
uHXDgK,ATL,6
pjbScM,OMA,6
zfVgFf,ARG,6
gbkHUE,ARG,6
widFzm,JAX,6
EpXjYw,OMA,6
BJcDRF,ARG,6
acEDdm,JAX,6
mQFcQN,OMA,6
ByXTCv,ATL,6
IPYZYs,ARG,6
dlnCwY,ARG,6
IgfstE,OMA,6
OsguFv,ARG,6
zXHzIb,JAX,6
oOgTSe,JAX,6
aMlgGL,ATL,6
OnCPah,JAX,6
eXKBfn,OMA,6
HlaTIj,ARG,6
nYsPCn,ARG,6
kDZAdc,ARG,6
MuabNN,OMA,6
lWUCMK,ARG,6
wmyMHF,JAX,6
EuWcWF,JAX,6
AiXVgZ,ARG,6
KWuSIi,OMA,6
sxipHD,ARG,6
CwPziW,ARG,6
vdPZyC,OMA,6
LTevtu,OMA,6
evjxaC,ARG,6
UxUJfm,ATL,6
xIIGNv,JAX,6
TXJPrH,JAX,6
gyCIKB,JAX,6
vEoGdz,ARG,6
dMRUiU,OMA,6
KIlews,OMA,6
DQFnBp,ARG,6
ETOJRj,OMA,6
pDEvZA,OMA,6
XDdagq,ARG,6
hNugNG,ARG,6
tIWmkp,ATL,6
GbEftG,ARG,6
rTHTUO,JAX,6
hHjWNZ,JAX,6
nSgYny,ARG,6
INAoja,ATL,6
HFxZqk,ARG,6
jlkHKe,ARG,6
kjjcRG,ARG,6
rpTKfr,ARG,6
JlNNsD,OMA,6
vNTdTv,JAX,6
sQZdVP,ARG,6
MqQKlB,JAX,6
RiiJxc,JAX,6
iVHEZH,JAX,6
QtoXlo,ARG,6
QzZdxR,ARG,6
zdeAxm,OMA,6
DrKfTi,ARG,6
bZQJSo,ATL,6
JrVWvQ,JAX,6
txLbYn,JAX,6
PdReom,ATL,6
YBncpY,OMA,6
HCDsVY,ARG,6
jCwOux,ARG,6
QAetGY,ARG,6
dYguMk,JAX,6
LARqNI,ARG,6
rzqHJK,OMA,6
jdTvNM,JAX,6
NEBQGI,ARG,6
cEnZMm,ARG,6
WOWlbv,ATL,6
FwVlOm,OMA,6
CQanPI,OMA,6
JQwLtQ,ARG,6
elnPPh,ARG,6
IHGBZN,OMA,6
OZJneu,ATL,6
wkvlZd,ATL,6
zLaXqw,ATL,6
FUiUQK,JAX,6
eZCvIq,OMA,6
LZKUPH,ATL,6
onoFNz,ATL,6
lPSQAh,OMA,6
FtxGBW,ARG,6
LfTpOu,OMA,6
ipOGBS,ARG,6
BBbKKM,JAX,6
yTllCX,OMA,6
QxZHZf,JAX,6
hUGdac,OMA,6
orDmMV,ARG,6
LpoTmj,OMA,6
yegvjd,ARG,6
tqfuYJ,OMA,6
ygEKYZ,ARG,6
AqnUnW,ATL,6
DXJzEh,ARG,6
ccCbzL,OMA,6
iwesBz,ATL,6
zQMlck,OMA,6
KgjorQ,ARG,6
wpjdKU,ARG,6
xYKnhK,OMA,6
VFIVDx,ATL,6
RxztOj,OMA,7
bGYEhH,JAX,7
UioOEh,ARG,7
XzCjlP,ARG,7
xdybdH,ARG,7
DiDTKa,JAX,7
OhOFiK,ARG,7
vJMTzq,ARG,7
mygPcc,OMA,7
qESGXU,ARG,7
RVvFCE,JAX,7
hQikUp,ARG,7
DokYlR,OMA,7
NRJMag,JAX,7
PMRjYO,ARG,7
WWADcw,OMA,7
yyQCJv,ARG,7
tfYYeF,OMA,7
GbcvnI,ARG,7
gJMwNs,ATL,7
Cnunad,JAX,7
FgOomE,ATL,7
XAtKMf,JAX,7
TNqoAT,JAX,7
IeoEgT,ARG,7
FQGkrJ,JAX,7
yxxYKC,OMA,7
OfJWDr,ARG,7
VCIXVG,JAX,7
uFvdDu,OMA,7
YdPEkz,OMA,7
iskaXL,ARG,7
aSHMRN,ARG,7
gaYGYK,ARG,7
NTwvbG,ARG,7
HRDFEK,ATL,7
qJtnug,JAX,7
ASZpBT,JAX,7
ZqzTWB,OMA,7
uqXVCL,JAX,7
UQTWDU,ATL,7
JKAInD,JAX,7
ardtDP,ATL,7
XysvCj,ARG,7
gcPtXG,JAX,7
pVyiGb,ARG,7
oVDXOX,OMA,7
iWfQco,OMA,7
STnKru,OMA,7
RgzcdH,JAX,7
JEyRVd,JAX,7
WUsejD,ARG,7
VzscDQ,OMA,7
myvhda,ATL,7
XLRUCn,JAX,7
EZZBIt,ARG,7
JmXaaT,JAX,7
YzqdnA,ARG,7
EbptfZ,ARG,7
fdeXbT,JAX,7
HQaphS,OMA,7
lHPAJM,JAX,7
wBmfjN,OMA,7
wuxaPv,ARG,7
VOPlPM,ATL,7
eEUTAV,ATL,7
VipCaq,OMA,7
ZHZnTL,OMA,7
XDdzJx,ARG,7
LcXBBM,JAX,7
kVhqHM,ARG,7
DvmJwD,OMA,7
uSbuSJ,ARG,7
EQTaOb,ATL,7
hJiDnl,ATL,7
OhZeBL,JAX,7
YDmzUf,JAX,7
iWQaoI,ARG,7
luXhjM,OMA,7
ycdlWO,OMA,7
mDaIeY,ARG,7
MCwhgB,OMA,7
WmyJAK,JAX,7
xuwQnj,OMA,7
GjuFhE,ATL,7
PdAUOn,ARG,7
NLDoMD,OMA,7
ngZCrn,ARG,7
unyJsI,ATL,7
FHzvEs,OMA,7
CfSLGm,ATL,7
RUqhUe,ATL,7
ZsnFGL,ARG,7
dknhej,ATL,7
pdnWkj,OMA,7
CwSaFe,ARG,7
lSZsaK,ARG,7
LqRKor,OMA,7
VpsQQa,JAX,7
KZHpFk,ARG,7
qiONKY,OMA,7
TQcHld,ATL,7
oXBEzV,JAX,7
vrNIYD,JAX,7
VPLKPA,OMA,7
CYBNHZ,OMA,7
wwejgg,OMA,7
WNQPLi,ARG,7
knDoFM,ATL,7
eukhYd,ARG,7
nBGpSt,ARG,7
FCsUSG,ARG,7
fdZNoO,ARG,7
Hkbrcj,ARG,7
TBVvkW,ATL,7
YoPlge,ARG,7
TwDJUk,OMA,7
xTfSxE,ARG,7
oRNWmh,OMA,7
NDEgdv,ARG,7
ebAaGt,OMA,7
kvHFQX,JAX,7
HNwbFO,ARG,7
HPDFAv,JAX,7
VORLzg,OMA,7
HsYCJF,OMA,7
kFezvE,ARG,7
CMjXYM,OMA,7
PIjDko,OMA,7
fMvWgn,ARG,7
HYZOPX,ATL,7
oYEnGo,ATL,7
nzvmCH,OMA,7
zlteNr,ARG,7
irkzNt,ATL,7
YMLoyh,ARG,7
VbAUMR,ATL,7
GjUMWg,ARG,7
IBpuOI,OMA,7
adOHJo,OMA,7
lswTqs,ARG,7
sZlqhg,JAX,7
JVoXQR,OMA,7
rImWBf,ARG,7
CGryUd,ARG,7
vrXRDp,ARG,7
Gwygqr,ARG,7
XwqJPL,ARG,7
QxaPHm,OMA,7
EMFBgQ,ARG,7
FSsKVJ,ARG,7
yXvdJo,ARG,7
yWKZHq,ARG,7
XeFuWz,JAX,7
sZZtgl,OMA,7
CuEHZh,OMA,7
lEigwT,ARG,7
ItVJqQ,JAX,7
GZIWIG,ARG,7
BusTzU,ARG,7
pPfzKr,ARG,7
TQIqth,ARG,7
tqwbAY,ARG,7
oYmlur,JAX,7
NipKAW,JAX,7
ufoqMY,ARG,7
vozWKe,JAX,7
pMRyxG,ARG,7
YxzDFU,JAX,7
csAhzL,JAX,7
URnVWt,OMA,7
yDJQeA,OMA,7
ECsqIZ,ARG,7
vqxvgR,ARG,7
RvxShK,JAX,7
PLpVmy,OMA,7
WYSLhu,ATL,7
vULwfQ,ARG,7
Zrjqjw,OMA,7
TuoSYr,ARG,7
cDgGZH,ARG,7
oUYmSd,OMA,7
EPhlLR,ARG,7
ItRPhK,OMA,7
DfSxvx,ARG,7
utJclr,JAX,7
NebdjT,ARG,7
MiEFwJ,ARG,7
typUey,ARG,7
RuRzbi,ATL,7
PsKiaK,ARG,7
XpsSwK,ARG,7
unXkqk,JAX,7
uLewUq,JAX,7
IaKuVc,ARG,7
CPeLtQ,ARG,7
RNrDOA,ARG,7
MXIvQX,ARG,7
IUqRUy,ARG,7
xvciNJ,OMA,7
fKmrnd,OMA,7
sfQYVd,JAX,7
XinPlS,OMA,7
fWgfNY,OMA,7
LlhlNF,ARG,7
FKGDgh,ATL,7
uetBYH,OMA,7
LZvOth,JAX,7
clbWal,JAX,7
VRJFKO,JAX,7
ZGsEIq,JAX,7
OMsUph,ARG,7
Dusced,OMA,7
TAHagJ,JAX,7
osouRa,ARG,7
PenPWE,OMA,7
xrpSHH,JAX,7
QFGktb,OMA,7
DNCKyv,OMA,7
vnnZkh,ARG,7
wyvLKH,ARG,7
monWAc,JAX,7
KzGdql,OMA,7
NgKhvT,JAX,7
SxgwcN,OMA,7
XwXzms,ATL,7
XQDkUK,JAX,7
zvsAxD,OMA,7
GBOmod,ARG,7
gebvqO,ARG,7
ciBOzz,ARG,7
QCSqDi,ARG,7
ekbfUr,ARG,7
WvZoGx,OMA,7
urOpNm,JAX,7
aIVDJR,OMA,7
cYtYUR,OMA,7
BEvIdA,ARG,7
vLlxkj,OMA,7
YokmOG,OMA,7
bovzNW,ARG,7
PtBVoA,ARG,7
GVIZoL,ARG,7
Gylcxo,ATL,7
QefeKn,JAX,7
XgVgrm,OMA,7
ZEjfkx,ARG,7
uduEVt,ATL,7
drqgJK,JAX,7
oAcxTT,ARG,7
cYryqG,ATL,7
lGPQII,ARG,7
BuVukq,OMA,7
rBdthn,OMA,7
juxurs,OMA,7
jRSSAw,ARG,7
xSbuXJ,ARG,7
GfRPfQ,ATL,7
rZdeXb,ARG,7
zPwjck,ARG,7
flatMk,OMA,7
vNvPKz,OMA,7
sogYNp,ATL,7
YDBCTo,ARG,7
YHzvEy,ATL,7
hswger,OMA,7
fXBwql,ARG,7
hJHKPK,ARG,7
bwgLYT,ATL,7
KgygRE,ARG,7
fiMGOT,ARG,7
bUoOsZ,ARG,7
HyYOBo,JAX,7
RMrFcy,ARG,7
ukjiQb,OMA,7
wqBkiG,ARG,7
ymerWb,OMA,7
VLMJyV,ARG,7
FZlozz,ARG,7
INqPIs,ARG,7
SpTEwR,ARG,7
KLSAqg,OMA,7
jgHVUh,ARG,7
lpGjLz,ARG,7
yDzsVz,ARG,7
jmLcjf,OMA,7
qDXeef,OMA,7
HjOzXd,ARG,7
qNLPJC,ARG,7
EWhvCk,ATL,7
pIHBxG,ARG,7
DQqbTK,ARG,7
EBwmYX,JAX,7
VrhrUm,OMA,7
hYebqD,JAX,7
jcfcYY,JAX,7
ciyXjT,ARG,7
LgCDBA,ARG,7
jMPugs,ARG,7
wZVGpi,OMA,7
PlTjlD,ARG,7
OzUfqR,OMA,7
ZXvmjJ,OMA,7
gqODbh,OMA,7
Svlvyz,OMA,7
EscEbO,OMA,7
oFFuRS,JAX,7
CNMPeV,ARG,7
tygkky,ARG,7
GfKSQI,JAX,7
KzHjIb,JAX,7
vscRKG,OMA,7
FZjNWn,ATL,7
gyYyIl,JAX,7
wFqbBn,ARG,7
zRgeHX,JAX,7
agHXng,OMA,7
IaVHYc,JAX,7
SDySut,ATL,7
wguUiN,ATL,7
oACXvc,ARG,7
eiXKNc,OMA,7
mamiaf,ATL,7
MsJIAT,JAX,7
mnToLM,ARG,7
OSQDdn,OMA,7
CNwryU,ATL,7
pnVmSv,OMA,7
kVFcdQ,OMA,7
bksKWe,ARG,7
uvhEtx,JAX,7
pzOZUL,ARG,7
MdElDE,ARG,7
OqaJbU,ARG,7
DdcbRS,ATL,7
ICpDoE,ARG,7
gdRvMl,JAX,7
HSHCQw,JAX,7
wZdUPM,JAX,7
kbntEA,JAX,7
wdGtHw,ATL,7
mPRVDQ,JAX,7
RHtLcE,ARG,7
VrNQAE,JAX,7
BHEjAa,JAX,7
UWctzI,ARG,7
XfwTyO,ARG,7
XtrLPc,ARG,7
sBypOX,ARG,7
tpwuES,ATL,7
IKpgKX,ARG,7
IqtHWm,JAX,7
gcEybc,ARG,7
TmRwgW,OMA,7
WdwvNl,ARG,7
wCdszZ,ARG,7
tDuIxl,OMA,7
MiHHIj,OMA,7
kSubwS,ARG,7
pOEZwY,ARG,7
EhiAVy,ATL,7
ioCQbi,ARG,7
wJGyhd,ATL,7
pPPFQR,ARG,7
yoFbJA,OMA,7
XfSdrA,ARG,7
jWkSwR,ATL,7
vyftDM,JAX,7
SlTuCz,OMA,7
UoPJsb,OMA,7
wCZXgK,JAX,7
aHKydg,ARG,7
Nhsbti,OMA,7
BZUTQc,ARG,7
BEmKYN,ARG,7
wCqVlY,ATL,7
MoSTQh,ARG,7
NecwmR,ARG,7
NQsAfv,ARG,7
uUbQan,ARG,7
YTiQlj,OMA,7
FnUAii,OMA,7
xvRWCM,JAX,7
ouSPBM,JAX,7
pGphyU,OMA,7
IjiSZv,OMA,7
fzgqOG,ARG,7
DIsXoT,OMA,7
uFTDpD,OMA,7
uUyUqg,OMA,7
ukmuFN,OMA,7
MiDXWp,OMA,7
XdJMYJ,OMA,7
DmVJed,ARG,7
nahIdl,ARG,7
mLPkrg,OMA,7
FPzafK,JAX,7
NbRgpu,OMA,7
bcRoys,ARG,7
MZfoyP,ARG,7
iqoLqG,JAX,7
YtXyPS,JAX,7
dzvwtM,OMA,7
sRMwBT,OMA,7
dDJHGe,ATL,7
MFblpM,OMA,7
eBMklR,OMA,7
WCkoLy,OMA,7
ybMPoV,ATL,7
wDAgTt,OMA,7
LjaCMz,ARG,7
SWMIBl,OMA,7
uiGwWL,OMA,7
dxRXKv,ARG,7
GMqTMK,JAX,7
UlXkrJ,OMA,7
yvEapU,ARG,7
qLSiYA,OMA,7
WkqrZR,OMA,7
qOffOf,ARG,7
NpGGOD,OMA,7
pvrNuK,OMA,7
uyxdlP,ARG,7
cYhFGQ,OMA,7
IJZCGf,OMA,7
keaPrw,OMA,7
ltoXDv,OMA,7
DzxaLT,ATL,7
xSJiLP,OMA,7
llRrnk,OMA,7
YFGKum,ARG,7
lRujVw,ARG,7
qHsWrH,ARG,7
MUOUVL,ARG,7
WZpSkr,JAX,7
rZuhCx,OMA,7
tMcJge,ARG,7
uEoiLD,ARG,7
DAwxhq,ATL,7
fPqBRX,ARG,7
lnIXtl,OMA,7
LxyRjR,ARG,7
VhnJzH,OMA,7
SNaWnB,OMA,7
bRtVcC,OMA,7
GOfnGR,ARG,7
wGWWAQ,ARG,7
aWnhGN,ARG,7
KMEAGs,OMA,7
rrZCsF,ATL,7
ctzPww,OMA,7
hEKJqK,OMA,7
ZbTvyk,ATL,7
VxsDrv,JAX,7
EvCpqN,JAX,7
HuQLYf,ATL,7
xtJLSQ,ARG,7
lRyTrJ,JAX,7
jrNwKk,JAX,7
bqhmjo,ARG,7
TJBDUx,ARG,7
lCxvVb,ATL,7
pBoTzN,OMA,7
mgwLlZ,ARG,7
aTVhWT,JAX,7
oNroow,JAX,7
VgqhvL,OMA,7
FyYmbQ,ARG,7
WWefyG,OMA,7
AVidVu,OMA,7
UQdNrN,ARG,7
ifEIkU,ATL,7
yenpUN,ARG,7
SowiiL,ARG,7
HwEPSz,OMA,7
BYyLwO,OMA,7
OiptUl,OMA,7
jabDGx,ARG,7
UDcsAE,ARG,7
tWVTen,ATL,7
GwaXzy,ARG,7
tBTnFr,OMA,7
gRWpEF,OMA,7
LMxDZS,OMA,7
uTdGfz,ARG,7
JidbnK,ARG,7
QJIEbB,OMA,7
GRHZlj,ARG,7
uvSend,ARG,7
gJTJIm,ARG,7
hMEpkT,OMA,7
VAAaZk,OMA,7
AozgNs,JAX,7
KAMqnl,OMA,7
hABDmB,JAX,7
oNyCmZ,ARG,7
JGXyaD,ARG,7
xQciMX,JAX,7
lNeoNS,ARG,7
xdOksl,OMA,7
QfzsEo,ARG,7
CneZYT,JAX,7
AKTqpd,ARG,7
fCZlpL,ATL,7
CwupWg,ARG,7
DGATxd,JAX,7
AydfBe,OMA,7
LPUnRi,JAX,7
XfKDdP,OMA,7
rhcTCL,OMA,7
ISKrNT,ARG,7
arQrJb,ARG,7
bQHbDf,OMA,7
EKJXoX,ARG,7
NLVYkP,JAX,7
zVeCpL,ATL,7
BuZmxd,ARG,7
PYjyRX,OMA,7
nEFXPu,OMA,7
RdqGpg,JAX,7
GhhuFu,ATL,7
hNaPWk,ARG,7
IEjlOV,OMA,7
qAOEjy,OMA,7
IYCRvS,ATL,7
uRWOdX,ARG,7
hKqCms,JAX,7
uzCeQI,JAX,7
uVvwOC,OMA,7
mXtvJj,ARG,7
dLcleu,ARG,7
MiBMZT,OMA,7
UDJMMN,ATL,7
JjEYMU,ATL,7
Wwbsez,ATL,7
VcqHyh,ARG,7
zwmExh,JAX,7
PwjmGf,ARG,7
VertDs,ARG,7
OcMXLF,ARG,7
ARcvBT,JAX,7
DjMElD,ARG,7
mKvpiO,ARG,7
BRpeNA,ARG,7
ZQCaEc,OMA,7
pSYpSA,OMA,7
jOfOwS,JAX,7
PvziFO,OMA,7
serFcE,OMA,7
nCUnlS,ARG,7
JmIvIn,ARG,7
kulHRu,OMA,7
DNctLB,ATL,7
yOnRRK,OMA,7
xfwofB,ARG,7
QTUWzs,OMA,7
dfqITD,ATL,7
bASOsy,OMA,7
dqeexb,ARG,7
tkOtrV,JAX,7
Mbyqbr,ATL,7
UYNzJF,ARG,7
JAZxzG,OMA,7
JheCxL,OMA,7
slhtAf,OMA,7
rdVqml,ATL,7
TfcgRv,OMA,7
mdlrwA,ATL,7
sRRtOk,ARG,7
VnxWwE,JAX,7
Ijcfik,ARG,7
xlZaox,OMA,7
XitbSk,OMA,7
ULeskv,JAX,7
nJfNAN,JAX,7
wBtYRn,ARG,7
xfLhsQ,JAX,7
qAgUfz,OMA,7
NxESEF,ARG,7
levgNJ,ARG,7
iiieGz,ATL,7
cYlQxK,JAX,7
lgPcqm,ARG,7
rOhROc,JAX,7
nHnwdF,ARG,7
HSyvOJ,ARG,7
IfLgWy,ARG,7
xCWsmh,ARG,7
lLslEi,ATL,7
eVOyWi,ARG,7
MsFwmd,JAX,7
pYJfDK,OMA,7
gIqvkR,JAX,8
hoZevS,ARG,8
bGTyyf,OMA,8
kAacVG,OMA,8
wZHmuM,JAX,8
frgHSj,JAX,8
fVYMYA,OMA,8
EqlrZY,ATL,8
vwzxFY,OMA,8
UmULnw,ATL,8
wPOwvk,OMA,8
IVkeAI,ARG,8
LEnWpL,OMA,8
Lytnyn,OMA,8
mdOHco,OMA,8
WcloWk,OMA,8
yPtZbn,JAX,8
zFTyNy,ATL,8
cZaVDB,OMA,8
SMPAxS,JAX,8
ddxneK,JAX,8
QhsmJZ,ATL,8
TIykFx,OMA,8
oyKxjx,JAX,8
BznQGY,ARG,8
LTSrhg,JAX,8
soUaNR,ARG,8
hFDyEf,JAX,8
AJDNak,OMA,8
phrVwU,JAX,8
klxJEs,ATL,8
tSJUns,ARG,8
jtMqwT,OMA,8
rcurkR,JAX,8
rkmmSd,ARG,8
HbmBOL,ARG,8
jVVDEQ,ARG,8
GDikcl,ATL,8
CqOuTg,ARG,8
tfiTpZ,ARG,8
ryHwUn,ATL,8
lNDGde,OMA,8
hSwoFB,ARG,8
FixyZa,ARG,8
CxiNfF,ARG,8
jTSRnX,ARG,8
UEoKup,ARG,8
abuRVf,JAX,8
oEywOn,ARG,8
sWRANH,OMA,8
FoUFOs,JAX,8
JqGjKU,ARG,8
JasirN,ATL,8
gwyBDU,ATL,8
LLpmLu,JAX,8
jVTbEq,OMA,8
dbCkjb,ARG,8
kCwAkf,ARG,8
AJMrZO,OMA,8
nKwImR,JAX,8
ogixCT,OMA,8
gDnuyR,OMA,8
nniCGl,OMA,8
PStWVh,JAX,8
NHrADV,ARG,8
DTOUfX,JAX,8
FsDday,ARG,8
xYbmCl,JAX,8
alpcWq,ARG,8
QZiWUc,ARG,8
jVBLHC,ARG,8
VlClEy,ARG,8
kuhVAx,ARG,8
NIXVIH,JAX,8
rfbCpK,ARG,8
POgudE,ARG,8
srVkCi,OMA,8
LTBsyS,ATL,8
hkSGPW,ARG,8
StPcRm,JAX,8
UMtvZZ,OMA,8
RwKuqL,ARG,8
ZZyssV,OMA,8
sWtHTJ,JAX,8
hKGSrD,ARG,8
oThJlG,ARG,8
VJSQQM,OMA,8
VyfjOp,ATL,8
qDmliR,ARG,8
BMfgcV,OMA,8
FhxWzp,ARG,8
QoynHG,ARG,8
cqxQDR,JAX,8
qGbTRv,OMA,8
SRmrYb,ARG,8
gZcFfO,JAX,8
bQfItK,ATL,8
diHRtD,OMA,8
SFNFOS,ARG,8
rhzThq,OMA,8
WQHmOD,OMA,8
NIoKOh,ATL,8
nSexGd,JAX,8
yweLQh,ARG,8
fALKzr,JAX,8
JYOiHG,ATL,8
eTqlSs,ARG,8
cRsTsP,ATL,8
tpLcjE,OMA,8
FLlLEB,OMA,8
SRNFKp,OMA,8
EvtoND,OMA,8
DGFTTr,ARG,8
aDDMdt,ATL,8
TSbAcQ,JAX,8
OQUdHe,ARG,8
juoBvl,JAX,8
RrTEGL,OMA,8
mBIApY,JAX,8
tmsxdV,ARG,8
eTTiAf,ARG,8
PKWDEh,OMA,8
mfQLtD,JAX,8
OMpsmb,ARG,8
NasBYp,OMA,8
LCXKeP,ARG,8
riyomv,ARG,8
VpPaWq,ARG,8
cfArtZ,OMA,8
qAlvkh,ARG,8
jKtIJa,ATL,8
bFjLnf,ARG,8
znQTYo,JAX,8
KyBAmq,OMA,8
ABLDMt,JAX,8
BjRVph,ARG,8
cdsfjv,ARG,8
hVDXWz,ARG,8
sSpTLY,OMA,8
jYToQk,ARG,8
UzhaBv,ARG,8
tMAkbW,OMA,8
XKWvsX,ARG,8
NKpisa,ATL,8
bTbCIi,OMA,8
DDMslm,OMA,8
TOPDee,JAX,8
HpTUIB,ARG,8
jAZFmB,ARG,8
XeAFdM,ARG,8
UfbWLZ,ARG,8
JrexBG,ATL,8
jIjDAT,ARG,8
WXDNKr,ARG,8
vGRVAd,JAX,8
xkSdEW,OMA,8
dnHQXa,OMA,8
FTOiax,ARG,8
JacKrH,ATL,8
vPzUtv,ATL,8
jRDvCg,JAX,8
wLqQrx,ATL,8
PAYiFG,ARG,8
sNVuXr,ARG,8
HaTUhC,ARG,8
eXzZmb,JAX,8
fLdzRU,OMA,8
krylIA,OMA,8
BgWsRz,ARG,8
wMeJQc,OMA,8
lRRoVy,OMA,8
cRfIGT,OMA,8
jUXqTr,ARG,8
MDBJZd,OMA,8
KmHUdS,OMA,8
rNVDOC,ATL,8
jIuMPU,JAX,8
yXbSos,ARG,8
lGHHUD,OMA,8
POvCBI,JAX,8
KYAhsd,ARG,8
UlOPkl,ARG,8
sRgNBd,ARG,8
zkywJu,OMA,8
ksPpFX,ATL,8
cNAgaS,OMA,8
jcfsbE,OMA,8
rpbgkT,ARG,8
kUDEJa,ARG,8
YCQWcs,ARG,8
CycOHX,ARG,8
hGjCTh,ARG,8
YrzEGB,ATL,8
KrqUzr,ARG,8
dFaqyz,ARG,8
PZXgzm,ARG,8
pkzWLu,ARG,8
IUlIfJ,ATL,8
TDOTgn,OMA,8
kmjnTr,ARG,8
OkJWEi,JAX,8
sdhKWv,OMA,8
mbliZC,ARG,8
jiewIB,JAX,8
tKnjXm,OMA,8
xjfVjk,OMA,8
JqQKop,OMA,8
LCvDkO,ATL,8
hILjJk,OMA,8
WiLOAm,OMA,8
IcNGBJ,ARG,8
YIamqt,ARG,8
TrvXWr,OMA,8
dInjqK,ARG,8
SXdXAd,OMA,8
dlIYBy,ATL,8
fvsfUg,ARG,8
HappFL,JAX,8
rCqhPp,ARG,8
GCDlVe,ARG,8
gqnMUK,OMA,8
OIMSBA,OMA,8
AzdPop,ATL,8
vwPdsq,OMA,8
CbyoNI,ATL,8
rNIDsx,OMA,8
clyKkD,OMA,8
VJDsrM,ARG,8
hHRBie,ARG,8
aPFEyA,ARG,8
HtzSVo,ARG,8
aUzCJp,OMA,8
xWIFbu,JAX,8
lGbCAF,JAX,8
JSCGlh,ARG,8
ERLlIu,OMA,8
OkuFlt,JAX,8
RgBjNE,OMA,8
HMOtfL,ARG,8
XvYgma,OMA,8
SkpicN,OMA,8
sPOlOY,JAX,8
TsjEZa,ARG,8
KNWYnd,ARG,8
jfBKUx,ARG,8
qNEpzE,OMA,8
imqEIK,OMA,8
XJeOjd,ARG,8
uKVSIF,OMA,8
sMvayl,ARG,8
PBykNr,ARG,8
cjsWiW,ARG,8
uYmqZG,JAX,8
UukcUP,OMA,8
BSdrWJ,ARG,8
hNpQGe,ARG,8
tKHURe,OMA,8
SnCfjW,JAX,8
uOEygd,ATL,8
pqRtBv,ARG,8
sdqqpO,JAX,8
JrljEi,ARG,8
vYPuCR,OMA,8
mdhqnN,OMA,8
IPHDOT,ARG,8
UIMhoB,ARG,8
EKPnPo,OMA,8
auBzfX,ARG,8
UloFxw,ARG,8
asGbqP,ARG,8
DkeHFA,ARG,8
RmZBbM,OMA,8
tKXFfN,OMA,8
zxTAbR,OMA,8
dnOGPs,OMA,8
TYsUCR,ARG,8
VhTRVJ,ATL,8
ZAsCoN,OMA,8
iwKoCv,OMA,8
YxkHlY,ARG,8
enSkdZ,ARG,8
oGoWgn,JAX,8
aIEFWU,JAX,8
TejTbg,ARG,8
uoyuyU,ARG,8
CWNVai,OMA,8
pndXvv,JAX,8
wdtBle,JAX,8
SNsLyC,OMA,8
TifjoR,JAX,8
gZktid,ATL,8
xZFqsv,OMA,8
mzkNea,OMA,8
AUJJWT,OMA,8
bZdRtk,OMA,8
EKvUgK,ATL,8
BJusJx,ATL,8
DgTGiD,ARG,8
BhPLJB,ATL,8
ZKpgwy,ARG,8
OPtrGj,OMA,8
REDQVd,ARG,8
obYfIn,OMA,8
uEuFGh,JAX,8
wBFzFy,ARG,8
JNpCWr,JAX,8
xUQCPt,OMA,8
hzpnPt,ARG,8
MjHjUn,ATL,8
xfTsWQ,JAX,8
lHnNAj,JAX,8
uiaZPr,ARG,8
hWrwly,ARG,8
vDLEmr,ARG,8
qlENwQ,OMA,8
yuJaLe,ARG,8
smjFOI,ATL,8
ixCtyp,ATL,8
YLGiUJ,OMA,8
alOFxJ,ARG,8
MfVxin,ATL,8
SqPTQy,ARG,8
qVEfWO,ARG,8
TSsXPA,OMA,8
XBJlEN,ATL,8
TgXCtZ,JAX,8
CvJtLA,ATL,8
fRZVXs,ARG,8
aCJIch,JAX,8
PmbeZZ,OMA,8
oBSYBy,OMA,8
crtMQx,JAX,8
SsRorC,ARG,8
gGrkhp,ATL,8
byeAHB,ARG,8
kQbFcN,OMA,8
eZlHob,OMA,8
jCQFvk,JAX,8
mfRgTL,OMA,8
GTsMLm,JAX,8
hvtLGL,OMA,8
EENNuj,ARG,8
ZQzAzE,ARG,8
TAlgVX,OMA,8
buHkgf,ATL,8
MjCSMJ,ARG,8
InlKSs,ATL,8
pFxnwd,ARG,8
cGknrQ,JAX,8
XnSROs,ARG,8
krMTpD,OMA,8
rHmdsl,OMA,8
eRhOZR,ARG,8
umIFdz,ATL,8
gZjcai,ATL,8
EKNrUh,ARG,8
QesaxD,ATL,8
czfEhB,JAX,8
XDYITg,ATL,8
LEKxsW,JAX,8
myQSvL,ATL,8
onYTeQ,OMA,8
UDWMxE,ARG,8
VAouXN,JAX,8
EXZxgX,JAX,8
QKuetx,OMA,8
ReWGxf,OMA,8
lmhTJf,ARG,8
uWiHan,OMA,8
uthNsf,ATL,8
ZQmGEo,ARG,8
mRskUC,JAX,8
PXLQyB,OMA,8
okEYaF,JAX,8
BAHlAa,ATL,8
RJUCSU,OMA,8
sUMadw,JAX,8
frIKWj,OMA,8
NRGfcJ,ATL,8
woqeDs,OMA,8
ycxByd,ARG,8
aAiXQU,OMA,8
HMxDrj,JAX,8
aPcqgW,ARG,8
yrKPXB,JAX,8
RLptvU,OMA,8
isdEka,ARG,8
wSRBzF,OMA,8
gLCMqk,OMA,8
fdmITB,JAX,8
wVvNgz,ARG,8
qxOPiN,ARG,8
bHQIHn,ARG,8
rckWvy,ATL,8
eOdJyS,ARG,8
neUWJp,ARG,8
ldQsdB,ATL,8
qIrwIy,JAX,8
tGamte,ARG,8
vMjnmX,ATL,8
TbXZLW,OMA,8
YEMwHm,JAX,8
ZpqejC,ARG,8
INCLve,JAX,8
Epwtsg,ARG,8
CFCKGq,ATL,8
xnkhuE,OMA,8
xrkQkz,JAX,8
kibFVl,ARG,8
fZlfnA,OMA,8
QMrcXp,ARG,8
DLqlye,ARG,8
nxuAXD,JAX,8
MTFiwj,ARG,8
bKdABA,OMA,8
diMvDT,ARG,8
aFSoZI,OMA,8
ZmSuYK,ARG,8
cpmSoe,ARG,8
PywkMN,JAX,8
lAMcaZ,ARG,8
fJHvNF,OMA,8
ModePX,ARG,8
chrkiy,OMA,8
cRfJNq,OMA,8
NggSlb,ARG,8
uGUVjt,OMA,8
KUGJLg,ARG,8
WRhBNm,OMA,8
qyGxbL,ARG,8
NLzyZF,OMA,8
rBIyic,ATL,8
IeCTGk,ARG,8
dNvMWi,ARG,8
YVAiBW,ARG,8
GKkcgs,ARG,8
kQootR,OMA,8
tmFBgb,JAX,8
LwiSdz,ARG,8
CpnQcG,ATL,8
aybKej,OMA,8
OFYdlN,ARG,8
TnVlel,ARG,8
NCPeOz,ARG,8
ZjRHSA,OMA,8
THbdMM,ARG,8
NkRvOF,OMA,8
JqGjBo,ARG,8
qVkqTY,JAX,8
ZqWVEr,JAX,8
zPbuOs,OMA,8
mujcpG,ARG,8
ahitzO,OMA,8
bLsoVM,OMA,8
nfanjw,OMA,8
rZUaPk,OMA,8
jHdWVw,ARG,8
NZwDqp,OMA,8
mpdoge,ARG,8
BYvpGQ,JAX,8
YYtKth,OMA,8
nkLQdj,JAX,8
tgDSXh,JAX,8
JHbCsI,ATL,8
utYYxV,OMA,8
qHmlJw,ARG,8
wJlRYl,OMA,8
kApNtH,JAX,8
vXeplR,JAX,8
CHteLK,OMA,8
jhTtCC,ARG,8
UXZAuj,OMA,8
LFgvcz,OMA,8
ySFMLP,OMA,8
eUBSBh,JAX,8
ktQJzi,JAX,8
xhnpZI,OMA,8
bMOzXv,JAX,8
AtcaXs,ARG,8
SeDHHv,JAX,8
SebSKC,JAX,8
BWKjCJ,OMA,8
rkwJLw,ARG,8
bHKxQm,JAX,8
SETJPA,OMA,8
pxpCQu,ARG,8
nfCzIC,JAX,8
MjWOrt,OMA,8
zXSvFz,ARG,8
lxsUNf,ATL,8
YDtpGC,JAX,8
TWiDIB,OMA,8
HLawez,ATL,8
VvMxsu,ATL,8
xYgClo,ATL,8
IdYkgF,OMA,8
bjWxqU,ARG,8
KgLbpd,OMA,8
GfRzOA,ARG,8
SlcGkf,JAX,8
TzBzav,OMA,8
SQipei,ARG,8
QqvbVm,ARG,8
cIDcXW,ARG,8
rPUCYZ,OMA,8
xEpxrD,JAX,8
UDNQMd,OMA,8
UcEUyY,ARG,8
SJMKdi,ARG,8
jCSCzz,OMA,8
jkETPg,ARG,8
nzOFuR,JAX,8
vNqsWp,JAX,8
QoZdYJ,ARG,8
WeDVDm,ATL,8
SREcnQ,ARG,8
oKcmsz,ARG,8
LVPViO,ARG,8
PrCOiW,ARG,8
yWRefJ,OMA,8
vhnpaj,ARG,8
BwrqAn,OMA,8
gSXyos,JAX,8
vOTSrl,ARG,8
xEOITJ,ARG,8
pozIJz,JAX,8
YxsVPv,ARG,8
OKOjNV,ARG,8
PgCLFF,ARG,8
wZHGgo,ARG,8
ZYKwVE,OMA,8
tXExzT,ARG,8
tkDPSs,OMA,8
eXYTQM,ARG,8
IvsfxF,OMA,8
bgKtQq,JAX,8
yQioIZ,ARG,8
iJNkIw,ARG,8
RpiSNE,ARG,8
QNyDDX,ARG,8
NTkWct,ARG,8
hHLNCY,OMA,8
SXVTmL,OMA,8
HkazRu,ARG,8
bbBTqS,ARG,8
nQTLVk,ARG,8
WcJBbX,OMA,8
LMMvKJ,ATL,8
BnSGMu,JAX,8
ZComyD,ARG,8
kDmjoD,JAX,8
InTNQL,ARG,8
eHWYhR,ARG,8
ruvBwV,OMA,8
xDrkFV,OMA,8
BrGDZP,OMA,8
gAQsyV,ARG,8
SPNpMw,ATL,8
ngvWnW,ARG,8
mILEkM,JAX,8
xMQrQk,OMA,8
jQqzdB,OMA,8
lBPqoy,ARG,8
iaRrCC,ARG,8
qTIqjY,ARG,8
qEIjLW,OMA,8
iLUcWy,ARG,8
qjSSMe,ARG,8
koeSqp,JAX,8
GrGkRy,OMA,8
ncxdKU,OMA,8
pPuLzy,ARG,8
katoNh,ARG,8
WcZZmh,ARG,8
zVsElY,ARG,8
ZZsgbU,JAX,8
jFxxRd,OMA,8
JAzLMR,JAX,8
vVRaEM,ATL,8
MGxwUB,ARG,8
sTQPMk,ARG,8
LoEsnL,ARG,8
BBoRcL,ARG,8
wNFlPS,OMA,8
TGKaPp,OMA,8
dYbHBS,ARG,8
qyfymL,ATL,8
tVRIyh,JAX,8
tgJgnM,OMA,8
GuyHSq,JAX,8
gXfcMJ,ATL,8
orqWuu,ARG,8
PKDXEu,ARG,9
ZOwkjQ,ARG,9
fdnuMj,OMA,9
kaQEEq,ARG,9
IMQzcE,OMA,9
EPmxcr,ARG,9
fLDYLE,ARG,9
KyWuok,ATL,9
TKKYHz,ARG,9
WKtdTh,ARG,9
LNaFFp,ARG,9
Xsmgxd,ARG,9
KFTWdB,JAX,9
pYVhVw,ATL,9
OoJzjo,JAX,9
DyeFXV,OMA,9
bviapA,JAX,9
SqQVSG,JAX,9
nOISUa,OMA,9
aBxQDP,OMA,9
nzWXij,OMA,9
AlUizK,ARG,9
QmglIp,JAX,9
ztSQfc,ARG,9
ntsXlh,OMA,9
bDroHk,OMA,9
doJsKb,ARG,9
ULQcVI,ARG,9
tsGDSm,OMA,9
KNKDKm,JAX,9
QhdYaV,OMA,9
ACffgQ,ARG,9
ocbipl,OMA,9
XqeWFq,ARG,9
LXBhNE,JAX,9
wlBXZt,ARG,9
FNGbQE,ARG,9
fcbuPQ,OMA,9
cMEkER,ARG,9
sXQbxS,ARG,9
xnkkAy,JAX,9
wchZbW,OMA,9
nTIMIv,JAX,9
DhOXSk,OMA,9
misJFA,ARG,9
GrpQCB,OMA,9
zuhzbn,OMA,9
xQzwSL,JAX,9
FhaFWm,ARG,9
MjJNLH,ATL,9
OjIhFq,ATL,9
gEcGqd,ATL,9
iWIBlh,ARG,9
PppuWR,ATL,9
CntPlw,ARG,9
nLOPoi,ARG,9
mvrqmP,ARG,9
FmUVVa,ARG,9
SmudFq,ARG,9
bpRVQD,ARG,9
JUCxSG,ARG,9
dklnXs,OMA,9
SECHoP,ATL,9
bTUGVm,JAX,9
mIyLEg,ARG,9
ATyuUa,OMA,9
XfSqnz,JAX,9
ZeNWba,OMA,9
zCnkrW,JAX,9
Cxvvts,OMA,9
IZTeka,JAX,9
jtyzNd,OMA,9
KXlyVz,OMA,9
uALOWn,JAX,9
IebCqa,ARG,9
dolXRk,OMA,9
zdrBWf,JAX,9
cdXXFG,ARG,9
lKaYTs,OMA,9
czDpHH,ARG,9
AwxHzI,ARG,9
uuiHgz,ATL,9
BmBhOV,ARG,9
NjjFLx,OMA,9
uXdHWb,ARG,9
VLfrpp,ARG,9
BGDCWc,OMA,9
wSqEfF,ARG,9
jGOzvH,ARG,9
uBRhUm,JAX,9
mYxCNz,ATL,9
DNQXpu,OMA,9
MYGmse,OMA,9
TDyzzy,OMA,9
NajDdE,ARG,9
XNWcVf,ARG,9
RYrxul,JAX,9
RMbMvX,JAX,9
SIBxfg,ATL,9
HplqED,ARG,9
aACalG,OMA,9
IsiADq,ARG,9
TPVaoY,JAX,9
FrSRHU,OMA,9
WUlxiI,OMA,9
jCJKeB,ATL,9
geFuoo,OMA,9
oirfUH,ARG,9
fixuOA,ARG,9
AvuoUr,ARG,9
HPskIL,OMA,9
Dbsubg,OMA,9
aZHkCm,OMA,9
jZjJJz,OMA,9
pNVrGf,ATL,9
yVHrNA,JAX,9
heaDwN,ARG,9
dRgGbH,ARG,9
gPJfFb,OMA,9
HTNFIl,OMA,9
GBFUel,ARG,9
ylVgso,JAX,9
fmxOTP,ARG,9
hHDLJa,OMA,9
tTDDKx,OMA,9
ZeFcSq,ATL,9
YQDBaF,OMA,9
IlapoU,ARG,9
ryAquu,ARG,9
ECVTsX,OMA,9
VswbOy,ARG,9
WQTLiz,ARG,9
FRqHmw,ARG,9
GNHJGb,ARG,9
eZYXtQ,OMA,9
sUbVnG,OMA,9
JkzTaP,ARG,9
ezXFlx,JAX,9
JnwJGh,ARG,9
ZvGLKW,ARG,9
ZmjlEf,OMA,9
LOAfXy,ARG,9
NXXuxP,OMA,9
LOKmCv,OMA,9
HNhFZe,ARG,9
HTZFmS,JAX,9
utWDHs,JAX,9
osEWZK,ARG,9
gQXtBj,ATL,9
ukLyFk,ATL,9
YiCMzE,JAX,9
FrpIbS,ATL,9
hzBByM,ARG,9
HrNtKo,ATL,9
LSociW,ATL,9
YiABsX,OMA,9
dSyjlg,ATL,9
BNYZlX,ARG,9
ZaHEJX,JAX,9
CnlAvL,JAX,9
ZunuYo,ARG,9
oBwbrV,ARG,9
YDkcVt,ARG,9
ejywXF,JAX,9
VTjYno,ARG,9
AcnOPO,ARG,9
ldZdNp,ARG,9
Dhxten,OMA,9
nsnBTm,OMA,9
cxJJMr,ATL,9
xOTHKh,OMA,9
yLwDCn,OMA,9
YHpwQt,ARG,9
hRSdHT,ARG,9
RAHpHc,JAX,9
kRoQBM,JAX,9
alvrhJ,JAX,9
TEetxx,ARG,9
hFdHsj,OMA,9
cmRoBl,OMA,9
MWslWk,ATL,9
dUgAOt,ARG,9
XmVOKS,ARG,9
anhESK,ARG,9
NQnLZc,OMA,9
lWBmnc,OMA,9
qwBWoh,ARG,9
NtsQCp,JAX,9
OaDurY,ATL,9
bXlyef,JAX,9
nHHBYC,JAX,9
WJRizT,ARG,9
LLOSkK,JAX,9
zxaTfK,OMA,9
EldDjZ,ARG,9
HCTZHZ,JAX,9
XlzqaY,ARG,9
HxBfsl,ARG,9
yBZYfr,OMA,9
syVFuP,ATL,9
PgXxSo,OMA,9
LZulyw,JAX,9
ZSVIKS,OMA,9
VXpgFv,ATL,9
tMSeDU,ARG,9
hevwyH,ARG,9
LgAADo,OMA,9
NisapT,OMA,9
XLwALy,ATL,9
chnqeJ,ARG,9
aqJfxx,ARG,9
lgaMbA,ARG,9
CPXovU,ARG,9
oKISXV,ARG,9
yMUQvZ,JAX,9
iVPVNp,OMA,9
KgncBQ,ARG,9
WKcHJZ,ARG,9
wiMAqe,OMA,9
pykznW,ARG,9
uPlLky,ARG,9
SFmHNc,OMA,9
AKPerX,OMA,9
KLZcDE,ATL,9
sOqOSp,ARG,9
GYBonE,ARG,9
RIBejv,OMA,9
nwlZlk,ATL,9
olvypL,ARG,9
lpQdaY,ATL,9
zIZqKM,JAX,9
kcyATt,OMA,9
pCkFKl,ARG,9
BvsNxB,OMA,9
EFSNAN,OMA,9
jcyNar,ARG,9
KSGdYN,ARG,9
uElEWW,OMA,9
gGtNbO,ARG,9
SNAuPn,ARG,9
PfPsmc,OMA,9
hBtMbt,ATL,9
fXuVxF,ARG,9
YasnHy,ARG,9
AJPPYS,ARG,9
GtdMVI,OMA,9
vfQSpt,OMA,9
cSkbUI,ATL,9
TlVCQF,OMA,9
GywbJX,JAX,9
iHFGvf,ARG,9
QqSWmo,OMA,9
aqWCxb,ATL,9
oArXQZ,OMA,9
XNlCkG,ARG,9
mshZlO,OMA,9
Pecvdu,JAX,9
goMwnT,ARG,9
ovipgx,OMA,9
WwVrrl,ARG,9
wiUsOR,ARG,9
HxaMSj,OMA,9
NyXYDA,ATL,9
EkYBCY,OMA,9
ubbnQu,ARG,9
ErNgIw,ARG,9
PWVPUc,OMA,9
LUmgyT,OMA,9
YalPWS,ATL,9
AEpusw,OMA,9
SUKzlw,OMA,9
XZGfZh,JAX,9
Unantx,ARG,9
oApeDn,OMA,9
RiuGSz,JAX,9
LkTUPo,OMA,9
IAlDtX,OMA,9
dapQwC,ATL,9
NTeYQd,ARG,9
jYnzBj,OMA,9
erslDn,ATL,9
YHqvNX,OMA,9
uqImsk,JAX,9
SIrswh,OMA,9
lRDvNt,ARG,9
IMoMeJ,JAX,9
TCirDF,JAX,9
nGWBrj,ARG,9
ohDWwX,ARG,9
qAFGOG,ATL,9
hBxkIh,JAX,9
zGGJTJ,ARG,9
YgPURg,OMA,9
bYdOfs,ARG,9
rqucvf,OMA,9
vvnzrl,OMA,9
TNZimZ,ATL,9
KIBSyX,OMA,9
pLjuYb,OMA,9
kNvZGA,JAX,9
oQgERB,JAX,9
xOEaqR,OMA,9
GshvcS,OMA,9
QJIbUB,OMA,9
WuDAII,ARG,9
GChIMe,JAX,9
KOzDaC,ARG,9
sAWmJM,ARG,9
OvpNdB,JAX,9
sJcBHs,OMA,9
EjQtvN,OMA,9
OEZCQf,ARG,9
XpuNrU,OMA,9
JsZiyI,JAX,9
VJcFaw,ARG,9
PtBcwW,ARG,9
FbRxgw,OMA,9
pWdAIP,ARG,9
aiRmnW,OMA,9
QrWqqO,ATL,9
xESoZb,ARG,9
rwXeSc,ATL,9
dpGOFx,ARG,9
fQBXyD,ARG,9
SKfgGq,ATL,9
loEwRi,JAX,9
sDcCId,OMA,9
PAfbhc,JAX,9
wSuJDS,OMA,9
useDOo,ATL,9
oOKhjI,ARG,9
cBzdiZ,OMA,9
CRjlnK,OMA,9
nVAJcB,OMA,9
rwbxCK,JAX,9
hiqQLI,ARG,9
DGfQlK,ARG,9
VRHwLH,JAX,9
netuii,ATL,9
XsFCLU,ARG,9
bhtbBj,JAX,9
ohdAWK,JAX,9
rqTnpa,ARG,9
GuNAwD,OMA,9
Wcnckw,OMA,9
maYygE,OMA,9
nVLPFk,ARG,9
jbeSvB,JAX,9
CJWvxe,ATL,9
Zlebcr,ATL,9
uPGRpM,ARG,9
nrNezz,OMA,9
MIbbWE,ATL,9
CVpeHs,ARG,9
epWNsW,JAX,9
jnhUiS,JAX,9
omDcgX,JAX,9
ftPibL,OMA,9
OFhXin,ARG,9
SeOczA,ARG,9
HuMCjn,ARG,9
HkksvA,ARG,9
nLdlMW,ATL,9
lQmcrj,OMA,9
oOpldr,OMA,9
DPXbKw,ARG,9
APgBXw,ARG,9
HbZPVi,OMA,9
zrFSvZ,OMA,9
GgyYYq,JAX,9
EuwvZf,OMA,9
fphZJr,JAX,9
VExApm,JAX,9
oBqjUn,ARG,9
wDYbnB,ARG,9
nkAVbd,OMA,9
iCVHAo,ARG,9
DsoIlt,ARG,9
iSpvxH,OMA,9
tSARdF,ARG,9
HpKLZB,ARG,9
YbEjXI,OMA,9
FAKTKg,OMA,9
mSPyOu,JAX,9
fDWEex,OMA,9
bPZVaw,ARG,9
jaCgEB,OMA,9
UcZtlO,ATL,9
ExbBtK,ARG,9
CTWJvm,ATL,9
iOkrDn,JAX,9
LKqtON,ARG,9
NlCxDT,JAX,9
aQOLAc,OMA,9
vnICNB,ATL,9
qLTbkC,JAX,9
fXzqIY,ARG,9
ZiqnyW,OMA,9
CEZsVu,JAX,9
IKsVVh,ATL,9
EieXxJ,ARG,9
cDoqOZ,ARG,9
OiEwyL,ATL,9
KWqOro,OMA,9
JXNWXl,ARG,9
ADNXLx,ATL,9
yCdZdJ,ATL,9
isYZdP,JAX,9
PdcGOd,JAX,9
YDfxOf,OMA,9
iuTAoS,ARG,9
weMcAL,OMA,9
ttzfsc,ATL,9
Sozqfv,ARG,9
Ktnjks,JAX,9
AImMkD,OMA,9
kxWccf,OMA,9
KrnOzZ,JAX,9
UaDobr,ARG,9
cfqWoG,ATL,9
KnuHPr,JAX,9
PStJlY,ARG,9
OauVev,JAX,9
Uobxuf,OMA,9
KnOhPN,ARG,9
uWgDEH,OMA,9
orShFa,OMA,9
wUlyRK,ATL,9
JaZOCi,ARG,9
iNiMMO,ARG,9
JnNVQx,ARG,9
zbXsEP,ARG,9
cBnnFT,ARG,9
FEENIa,OMA,9
AfAVYW,OMA,9
yiPunv,ARG,9
ARZaOk,ARG,9
ZXRlOp,OMA,9
TvUSJs,ARG,9
EznIJw,JAX,9
wkDpoT,JAX,9
eWxPCt,ARG,9
qMZrjB,ARG,9
TEQCQr,OMA,9
hzQRgn,ARG,9
pjhjEv,JAX,9
KYasCN,ARG,9
JOrApB,JAX,9
HkSKPI,ARG,9
dePhzB,ATL,9
IZozWq,OMA,9
UjvYEi,ARG,9
QxaCGx,ARG,9
HVcbKR,ARG,9
GrpOAG,ARG,9
EPIJGz,OMA,9
ZdlAhU,ARG,9
WVTyZY,JAX,9
LTQjGQ,JAX,9
aCKhpf,ATL,9
XgIAkE,ARG,9
csDPrZ,OMA,9
FqdWeJ,ARG,9
zZROQw,OMA,9
JvofFr,JAX,9
mpEsFr,OMA,9
uPzWxB,ARG,9
QIISpT,JAX,9
vGgIzw,ARG,9
aoHijQ,ARG,9
EyaFEp,JAX,9
rrrQua,OMA,9
cvbbNX,ATL,9
EcNOnj,ARG,9
OhpHMs,OMA,9
yFzYnX,JAX,9
tBAmKA,OMA,9
XSNTtL,OMA,9
lUVVpb,ARG,9
aJcEOd,OMA,9
EQjPeJ,OMA,9
ZFXzgS,ARG,9
sLUxcf,OMA,9
JgXbxc,ARG,9
KmLMFM,OMA,9
hFxKdc,ARG,9
cqfyhI,JAX,9
NhtWMP,OMA,9
qvCcYJ,ARG,9
fHqqiV,JAX,9
LQMUMC,ARG,9
AokZXm,ARG,9
ZFBxVW,ATL,9
XWGgvn,ATL,9
Ktlzrc,ATL,9
ScLdAH,OMA,9
IGdyre,JAX,9
vJjgac,JAX,9
isGfDL,OMA,9
OSpzkL,ARG,9
kruliD,ARG,9
OayUxs,ARG,9
eeGeGw,ARG,9
Fvykmw,OMA,9
vQOkDR,ATL,9
GWhaqM,ARG,9
sfaxIe,OMA,9
fQwokJ,JAX,9
RAveFO,ARG,9
hHbktj,ARG,9
ajbmKY,ATL,9
SSYIwm,ATL,9
knojes,ARG,9
NogyrE,JAX,9
xCViuX,ARG,9
LEdqwT,ARG,9
pjBxgK,OMA,9
USNlWA,OMA,9
yNUKdS,OMA,9
huiQYb,ARG,9
GoDdak,ARG,9
jJkmlw,ATL,9
ecgfnN,ARG,9
JSWOUa,ARG,9
ArVDzS,ARG,9
BPvBqJ,JAX,9
nJSQRZ,OMA,9
OCKtrV,OMA,9
mpowCh,ARG,9
LHSilP,JAX,9
MVCEZm,ARG,9
ExjDiU,ARG,9
qYCaaO,OMA,9
OYaDXQ,ARG,9
KMTlvN,OMA,9
rlWKjZ,OMA,9
QLnXdf,JAX,9
gRPlcc,OMA,9
TkwAKY,OMA,9
dlBMbI,JAX,9
NZSqVN,ARG,9
WWSIOw,OMA,9
YJHcBE,ATL,9
PqscTS,JAX,9
ylferz,JAX,9
PPUkYl,ARG,9
RnNWbJ,OMA,9
doyjLJ,JAX,9
ztFgIN,ARG,9
mBtbzA,OMA,9
FhrYOn,ATL,9
GlhefU,ARG,9
uiiMYs,ARG,9
zoMnQN,OMA,9
kVQrFr,JAX,9
bhtZHc,OMA,9
iVDsqP,ARG,9
WwAfOg,JAX,9
BmUpPO,ARG,9
pXoQiQ,ARG,9
nbXMZJ,ARG,9
fyjgtB,JAX,9
cgYWhm,ATL,9
ksLDzU,ARG,9
Ukaftf,ATL,9
PPGaMh,ARG,9
sLtmxX,ARG,9
YpXVWS,OMA,9
VRBzMg,ARG,9
TquSBi,ARG,9
CvUVSE,JAX,9
YKsonu,ARG,9
aLbloE,ARG,9
GxcvZw,OMA,9
sRZkCb,JAX,9
OgJroQ,OMA,9
rKghqv,ARG,9
GIvSch,ARG,9
jKSSbA,JAX,9
ETjQiI,ARG,9
qXPoQy,ATL,9
GHRXJf,JAX,9
PvxXcN,JAX,9
ZqJOrh,OMA,9
AwTubI,JAX,9
HrEHHk,ARG,9
UEMkHx,ARG,9
KbuZrh,ARG,9
qXmDra,OMA,9
SEgTeq,OMA,9
kGKfnA,ARG,9
Jufcbj,OMA,9
